transaction_id,date,store_id,product_id,quantity,unit_price,total_amount
TX10001,2026-07-07,S001,P001,3,29.99,89.97
TX10002,2026-07-07,S001,P001,1,29.99,29.99
TX10003,2026-07-07,S001,P001,1,29.99,29.99
TX10004,2026-07-07,S001,P001,1,29.99,29.99
TX10005,2026-07-07,S001,P002,2,89.99,179.98
TX10006,2026-07-07,S001,P002,1,89.99,89.99
TX10007,2026-07-07,S001,P003,1,39.99,39.99
TX10008,2026-07-07,S001,P003,1,39.99,39.99
TX10009,2026-07-07,S001,P003,2,39.99,79.98
TX10010,2026-07-07,S001,P004,1,149.99,149.99
TX10011,2026-07-07,S001,P006,2,34.99,69.98
TX10012,2026-07-07,S001,P007,3,9.99,29.97
TX10013,2026-07-07,S001,P007,3,9.99,29.97
TX10014,2026-07-07,S001,P007,1,9.99,9.99
TX10015,2026-07-07,S001,P008,3,12.99,38.97
TX10016,2026-07-07,S001,P008,2,12.99,25.98
TX10017,2026-07-07,S001,P008,1,12.99,12.99
TX10018,2026-07-07,S001,P009,1,14.99,14.99
TX10019,2026-07-07,S001,P009,1,14.99,14.99
TX10020,2026-07-07,S001,P009,1,14.99,14.99
TX10021,2026-07-07,S001,P009,1,14.99,14.99
TX10022,2026-07-07,S001,P009,1,14.99,14.99
TX10023,2026-07-07,S001,P010,3,19.99,59.97
TX10024,2026-07-07,S001,P010,1,19.99,19.99
TX10025,2026-07-07,S001,P010,1,19.99,19.99
TX10026,2026-07-07,S001,P011,1,24.99,24.99
TX10027,2026-07-07,S001,P011,3,24.99,74.97
TX10028,2026-07-07,S001,P011,1,24.99,24.99
TX10029,2026-07-07,S001,P012,1,59.99,59.99
TX10030,2026-07-07,S001,P013,2,22.99,45.98
TX10031,2026-07-07,S001,P015,2,11.99,23.98
TX10032,2026-07-07,S001,P015,1,11.99,11.99
TX10033,2026-07-07,S002,P001,2,29.99,59.98
TX10034,2026-07-07,S002,P001,1,29.99,29.99
TX10035,2026-07-07,S002,P002,2,89.99,179.98
TX10036,2026-07-07,S002,P004,1,149.99,149.99
TX10037,2026-07-07,S002,P004,1,149.99,149.99
TX10038,2026-07-07,S002,P004,1,149.99,149.99
TX10039,2026-07-07,S002,P006,1,34.99,34.99
TX10040,2026-07-07,S002,P007,2,9.99,19.98
TX10041,2026-07-07,S002,P007,2,9.99,19.98
TX10042,2026-07-07,S002,P008,1,12.99,12.99
TX10043,2026-07-07,S002,P008,1,12.99,12.99
TX10044,2026-07-07,S002,P008,2,12.99,25.98
TX10045,2026-07-07,S002,P008,1,12.99,12.99
TX10046,2026-07-07,S002,P009,1,14.99,14.99
TX10047,2026-07-07,S002,P009,2,14.99,29.98
TX10048,2026-07-07,S002,P009,1,14.99,14.99
TX10049,2026-07-07,S002,P009,2,14.99,29.98
TX10050,2026-07-07,S002,P009,1,14.99,14.99
TX10051,2026-07-07,S002,P010,1,19.99,19.99
TX10052,2026-07-07,S002,P011,1,24.99,24.99
TX10053,2026-07-07,S002,P012,1,59.99,59.99
TX10054,2026-07-07,S002,P012,1,59.99,59.99
TX10055,2026-07-07,S002,P013,2,22.99,45.98
TX10056,2026-07-07,S002,P013,1,22.99,22.99
TX10057,2026-07-07,S002,P015,1,11.99,11.99
TX10058,2026-07-07,S002,P015,1,11.99,11.99
TX10059,2026-07-07,S003,P001,1,29.99,29.99
TX10060,2026-07-07,S003,P001,3,29.99,89.97
TX10061,2026-07-07,S003,P001,1,29.99,29.99
TX10062,2026-07-07,S003,P002,2,89.99,179.98
TX10063,2026-07-07,S003,P006,2,34.99,69.98
TX10064,2026-07-07,S003,P007,2,9.99,19.98
TX10065,2026-07-07,S003,P007,1,9.99,9.99
TX10066,2026-07-07,S003,P008,1,12.99,12.99
TX10067,2026-07-07,S003,P008,2,12.99,25.98
TX10068,2026-07-07,S003,P009,1,14.99,14.99
TX10069,2026-07-07,S003,P009,1,14.99,14.99
TX10070,2026-07-07,S003,P009,3,14.99,44.97
TX10071,2026-07-07,S003,P009,1,14.99,14.99
TX10072,2026-07-07,S003,P010,1,19.99,19.99
TX10073,2026-07-07,S003,P011,1,24.99,24.99
TX10074,2026-07-07,S003,P013,1,22.99,22.99
TX10075,2026-07-07,S003,P013,1,22.99,22.99
TX10076,2026-07-07,S003,P015,2,11.99,23.98
TX10077,2026-07-07,S004,P001,2,29.99,59.98
TX10078,2026-07-07,S004,P002,1,89.99,89.99
TX10079,2026-07-07,S004,P003,2,39.99,79.98
TX10080,2026-07-07,S004,P007,1,9.99,9.99
TX10081,2026-07-07,S004,P008,1,12.99,12.99
TX10082,2026-07-07,S004,P008,1,12.99,12.99
TX10083,2026-07-07,S004,P009,2,14.99,29.98
TX10084,2026-07-07,S004,P011,1,24.99,24.99
TX10085,2026-07-08,S001,P001,3,29.99,89.97
TX10086,2026-07-08,S001,P001,2,29.99,59.98
TX10087,2026-07-08,S001,P001,3,29.99,89.97
TX10088,2026-07-08,S001,P002,3,89.99,269.97
TX10089,2026-07-08,S001,P002,1,89.99,89.99
TX10090,2026-07-08,S001,P003,1,39.99,39.99
TX10091,2026-07-08,S001,P003,3,39.99,119.97
TX10092,2026-07-08,S001,P003,2,39.99,79.98
TX10093,2026-07-08,S001,P004,1,149.99,149.99
TX10094,2026-07-08,S001,P004,1,149.99,149.99
TX10095,2026-07-08,S001,P006,1,34.99,34.99
TX10096,2026-07-08,S001,P007,1,9.99,9.99
TX10097,2026-07-08,S001,P007,1,9.99,9.99
TX10098,2026-07-08,S001,P007,2,9.99,19.98
TX10099,2026-07-08,S001,P007,2,9.99,19.98
TX10100,2026-07-08,S001,P007,2,9.99,19.98
TX10101,2026-07-08,S001,P007,1,9.99,9.99
TX10102,2026-07-08,S001,P008,3,12.99,38.97
TX10103,2026-07-08,S001,P008,2,12.99,25.98
TX10104,2026-07-08,S001,P009,1,14.99,14.99
TX10105,2026-07-08,S001,P009,3,14.99,44.97
TX10106,2026-07-08,S001,P009,2,14.99,29.98
TX10107,2026-07-08,S001,P009,1,14.99,14.99
TX10108,2026-07-08,S001,P009,1,14.99,14.99
TX10109,2026-07-08,S001,P009,1,14.99,14.99
TX10110,2026-07-08,S001,P009,2,14.99,29.98
TX10111,2026-07-08,S001,P009,1,14.99,14.99
TX10112,2026-07-08,S001,P010,2,19.99,39.98
TX10113,2026-07-08,S001,P010,1,19.99,19.99
TX10114,2026-07-08,S001,P010,1,19.99,19.99
TX10115,2026-07-08,S001,P010,2,19.99,39.98
TX10116,2026-07-08,S001,P011,3,24.99,74.97
TX10117,2026-07-08,S001,P011,2,24.99,49.98
TX10118,2026-07-08,S001,P012,1,59.99,59.99
TX10119,2026-07-08,S001,P012,1,59.99,59.99
TX10120,2026-07-08,S001,P013,2,22.99,45.98
TX10121,2026-07-08,S001,P013,2,22.99,45.98
TX10122,2026-07-08,S001,P013,1,22.99,22.99
TX10123,2026-07-08,S001,P015,2,11.99,23.98
TX10124,2026-07-08,S001,P015,1,11.99,11.99
TX10125,2026-07-08,S001,P015,2,11.99,23.98
TX10126,2026-07-08,S002,P001,1,29.99,29.99
TX10127,2026-07-08,S002,P001,1,29.99,29.99
TX10128,2026-07-08,S002,P001,3,29.99,89.97
TX10129,2026-07-08,S002,P001,3,29.99,89.97
TX10130,2026-07-08,S002,P002,3,89.99,269.97
TX10131,2026-07-08,S002,P002,2,89.99,179.98
TX10132,2026-07-08,S002,P003,1,39.99,39.99
TX10133,2026-07-08,S002,P004,1,149.99,149.99
TX10134,2026-07-08,S002,P006,1,34.99,34.99
TX10135,2026-07-08,S002,P007,2,9.99,19.98
TX10136,2026-07-08,S002,P008,2,12.99,25.98
TX10137,2026-07-08,S002,P008,1,12.99,12.99
TX10138,2026-07-08,S002,P009,1,14.99,14.99
TX10139,2026-07-08,S002,P009,1,14.99,14.99
TX10140,2026-07-08,S002,P009,2,14.99,29.98
TX10141,2026-07-08,S002,P010,2,19.99,39.98
TX10142,2026-07-08,S002,P010,1,19.99,19.99
TX10143,2026-07-08,S002,P010,1,19.99,19.99
TX10144,2026-07-08,S002,P010,1,19.99,19.99
TX10145,2026-07-08,S002,P011,1,24.99,24.99
TX10146,2026-07-08,S002,P013,1,22.99,22.99
TX10147,2026-07-08,S002,P015,1,11.99,11.99
TX10148,2026-07-08,S002,P015,3,11.99,35.97
TX10149,2026-07-08,S003,P001,1,29.99,29.99
TX10150,2026-07-08,S003,P002,2,89.99,179.98
TX10151,2026-07-08,S003,P003,1,39.99,39.99
TX10152,2026-07-08,S003,P003,2,39.99,79.98
TX10153,2026-07-08,S003,P004,1,149.99,149.99
TX10154,2026-07-08,S003,P006,1,34.99,34.99
TX10155,2026-07-08,S003,P008,1,12.99,12.99
TX10156,2026-07-08,S003,P009,3,14.99,44.97
TX10157,2026-07-08,S003,P011,1,24.99,24.99
TX10158,2026-07-08,S003,P013,3,22.99,68.97
TX10159,2026-07-08,S003,P015,1,11.99,11.99
TX10160,2026-07-08,S004,P001,3,29.99,89.97
TX10161,2026-07-08,S004,P003,1,39.99,39.99
TX10162,2026-07-08,S004,P006,1,34.99,34.99
TX10163,2026-07-08,S004,P007,3,9.99,29.97
TX10164,2026-07-08,S004,P007,1,9.99,9.99
TX10165,2026-07-08,S004,P008,2,12.99,25.98
TX10166,2026-07-08,S004,P013,1,22.99,22.99
TX10167,2026-07-08,S004,P015,1,11.99,11.99
TX10168,2026-07-09,S001,P001,1,29.99,29.99
TX10169,2026-07-09,S001,P001,2,29.99,59.98
TX10170,2026-07-09,S001,P001,2,29.99,59.98
TX10171,2026-07-09,S001,P001,1,29.99,29.99
TX10172,2026-07-09,S001,P001,2,29.99,59.98
TX10173,2026-07-09,S001,P001,1,29.99,29.99
TX10174,2026-07-09,S001,P002,3,89.99,269.97
TX10175,2026-07-09,S001,P002,3,89.99,269.97
TX10176,2026-07-09,S001,P003,2,39.99,79.98
TX10177,2026-07-09,S001,P003,3,39.99,119.97
TX10178,2026-07-09,S001,P003,1,39.99,39.99
TX10179,2026-07-09,S001,P003,1,39.99,39.99
TX10180,2026-07-09,S001,P004,1,149.99,149.99
TX10181,2026-07-09,S001,P004,2,149.99,299.98
TX10182,2026-07-09,S001,P006,2,34.99,69.98
TX10183,2026-07-09,S001,P007,3,9.99,29.97
TX10184,2026-07-09,S001,P007,3,9.99,29.97
TX10185,2026-07-09,S001,P007,3,9.99,29.97
TX10186,2026-07-09,S001,P007,1,9.99,9.99
TX10187,2026-07-09,S001,P007,1,9.99,9.99
TX10188,2026-07-09,S001,P007,1,9.99,9.99
TX10189,2026-07-09,S001,P008,1,12.99,12.99
TX10190,2026-07-09,S001,P008,3,12.99,38.97
TX10191,2026-07-09,S001,P009,3,14.99,44.97
TX10192,2026-07-09,S001,P009,1,14.99,14.99
TX10193,2026-07-09,S001,P009,1,14.99,14.99
TX10194,2026-07-09,S001,P010,2,19.99,39.98
TX10195,2026-07-09,S001,P010,2,19.99,39.98
TX10196,2026-07-09,S001,P012,1,59.99,59.99
TX10197,2026-07-09,S001,P012,1,59.99,59.99
TX10198,2026-07-09,S001,P013,2,22.99,45.98
TX10199,2026-07-09,S001,P013,2,22.99,45.98
TX10200,2026-07-09,S001,P013,1,22.99,22.99
TX10201,2026-07-09,S001,P013,1,22.99,22.99
TX10202,2026-07-09,S001,P013,1,22.99,22.99
TX10203,2026-07-09,S001,P013,1,22.99,22.99
TX10204,2026-07-09,S001,P014,1,32.99,32.99
TX10205,2026-07-09,S001,P015,1,11.99,11.99
TX10206,2026-07-09,S002,P001,2,29.99,59.98
TX10207,2026-07-09,S002,P003,2,39.99,79.98
TX10208,2026-07-09,S002,P003,1,39.99,39.99
TX10209,2026-07-09,S002,P003,2,39.99,79.98
TX10210,2026-07-09,S002,P004,1,149.99,149.99
TX10211,2026-07-09,S002,P005,1,49.99,49.99
TX10212,2026-07-09,S002,P006,1,34.99,34.99
TX10213,2026-07-09,S002,P007,2,9.99,19.98
TX10214,2026-07-09,S002,P007,3,9.99,29.97
TX10215,2026-07-09,S002,P007,1,9.99,9.99
TX10216,2026-07-09,S002,P007,1,9.99,9.99
TX10217,2026-07-09,S002,P008,3,12.99,38.97
TX10218,2026-07-09,S002,P008,2,12.99,25.98
TX10219,2026-07-09,S002,P009,2,14.99,29.98
TX10220,2026-07-09,S002,P009,1,14.99,14.99
TX10221,2026-07-09,S002,P009,3,14.99,44.97
TX10222,2026-07-09,S002,P010,3,19.99,59.97
TX10223,2026-07-09,S002,P011,3,24.99,74.97
TX10224,2026-07-09,S002,P011,1,24.99,24.99
TX10225,2026-07-09,S002,P012,2,59.99,119.98
TX10226,2026-07-09,S002,P013,2,22.99,45.98
TX10227,2026-07-09,S002,P013,2,22.99,45.98
TX10228,2026-07-09,S002,P013,3,22.99,68.97
TX10229,2026-07-09,S002,P013,1,22.99,22.99
TX10230,2026-07-09,S002,P015,2,11.99,23.98
TX10231,2026-07-09,S002,P015,1,11.99,11.99
TX10232,2026-07-09,S003,P001,3,29.99,89.97
TX10233,2026-07-09,S003,P001,2,29.99,59.98
TX10234,2026-07-09,S003,P001,1,29.99,29.99
TX10235,2026-07-09,S003,P004,1,149.99,149.99
TX10236,2026-07-09,S003,P004,1,149.99,149.99
TX10237,2026-07-09,S003,P004,1,149.99,149.99
TX10238,2026-07-09,S003,P004,1,149.99,149.99
TX10239,2026-07-09,S003,P006,1,34.99,34.99
TX10240,2026-07-09,S003,P006,1,34.99,34.99
TX10241,2026-07-09,S003,P007,3,9.99,29.97
TX10242,2026-07-09,S003,P007,1,9.99,9.99
TX10243,2026-07-09,S003,P008,3,12.99,38.97
TX10244,2026-07-09,S003,P009,1,14.99,14.99
TX10245,2026-07-09,S003,P009,1,14.99,14.99
TX10246,2026-07-09,S003,P009,1,14.99,14.99
TX10247,2026-07-09,S003,P009,3,14.99,44.97
TX10248,2026-07-09,S003,P009,2,14.99,29.98
TX10249,2026-07-09,S003,P012,1,59.99,59.99
TX10250,2026-07-09,S003,P012,1,59.99,59.99
TX10251,2026-07-09,S003,P013,1,22.99,22.99
TX10252,2026-07-09,S003,P015,1,11.99,11.99
TX10253,2026-07-09,S004,P001,2,29.99,59.98
TX10254,2026-07-09,S004,P001,1,29.99,29.99
TX10255,2026-07-09,S004,P002,1,89.99,89.99
TX10256,2026-07-09,S004,P003,1,39.99,39.99
TX10257,2026-07-09,S004,P004,2,149.99,299.98
TX10258,2026-07-09,S004,P006,1,34.99,34.99
TX10259,2026-07-09,S004,P007,2,9.99,19.98
TX10260,2026-07-09,S004,P007,1,9.99,9.99
TX10261,2026-07-09,S004,P008,1,12.99,12.99
TX10262,2026-07-10,S001,P001,1,29.99,29.99
TX10263,2026-07-10,S001,P001,3,29.99,89.97
TX10264,2026-07-10,S001,P001,2,29.99,59.98
TX10265,2026-07-10,S001,P002,1,89.99,89.99
TX10266,2026-07-10,S001,P003,2,39.99,79.98
TX10267,2026-07-10,S001,P004,1,149.99,149.99
TX10268,2026-07-10,S001,P006,2,34.99,69.98
TX10269,2026-07-10,S001,P007,2,9.99,19.98
TX10270,2026-07-10,S001,P007,1,9.99,9.99
TX10271,2026-07-10,S001,P007,1,9.99,9.99
TX10272,2026-07-10,S001,P007,1,9.99,9.99
TX10273,2026-07-10,S001,P007,3,9.99,29.97
TX10274,2026-07-10,S001,P007,1,9.99,9.99
TX10275,2026-07-10,S001,P008,2,12.99,25.98
TX10276,2026-07-10,S001,P008,2,12.99,25.98
TX10277,2026-07-10,S001,P008,1,12.99,12.99
TX10278,2026-07-10,S001,P009,2,14.99,29.98
TX10279,2026-07-10,S001,P009,3,14.99,44.97
TX10280,2026-07-10,S001,P009,1,14.99,14.99
TX10281,2026-07-10,S001,P009,2,14.99,29.98
TX10282,2026-07-10,S001,P010,3,19.99,59.97
TX10283,2026-07-10,S001,P012,1,59.99,59.99
TX10284,2026-07-10,S001,P013,1,22.99,22.99
TX10285,2026-07-10,S001,P013,1,22.99,22.99
TX10286,2026-07-10,S001,P013,2,22.99,45.98
TX10287,2026-07-10,S001,P013,2,22.99,45.98
TX10288,2026-07-10,S001,P015,2,11.99,23.98
TX10289,2026-07-10,S001,P015,1,11.99,11.99
TX10290,2026-07-10,S001,P015,1,11.99,11.99
TX10291,2026-07-10,S002,P001,1,29.99,29.99
TX10292,2026-07-10,S002,P001,1,29.99,29.99
TX10293,2026-07-10,S002,P001,2,29.99,59.98
TX10294,2026-07-10,S002,P002,2,89.99,179.98
TX10295,2026-07-10,S002,P003,1,39.99,39.99
TX10296,2026-07-10,S002,P006,1,34.99,34.99
TX10297,2026-07-10,S002,P007,1,9.99,9.99
TX10298,2026-07-10,S002,P007,2,9.99,19.98
TX10299,2026-07-10,S002,P008,2,12.99,25.98
TX10300,2026-07-10,S002,P008,1,12.99,12.99
TX10301,2026-07-10,S002,P009,1,14.99,14.99
TX10302,2026-07-10,S002,P009,2,14.99,29.98
TX10303,2026-07-10,S002,P009,3,14.99,44.97
TX10304,2026-07-10,S002,P009,1,14.99,14.99
TX10305,2026-07-10,S002,P009,1,14.99,14.99
TX10306,2026-07-10,S002,P009,1,14.99,14.99
TX10307,2026-07-10,S002,P010,2,19.99,39.98
TX10308,2026-07-10,S002,P011,1,24.99,24.99
TX10309,2026-07-10,S002,P013,1,22.99,22.99
TX10310,2026-07-10,S002,P013,1,22.99,22.99
TX10311,2026-07-10,S002,P015,1,11.99,11.99
TX10312,2026-07-10,S003,P001,1,29.99,29.99
TX10313,2026-07-10,S003,P002,1,89.99,89.99
TX10314,2026-07-10,S003,P004,1,149.99,149.99
TX10315,2026-07-10,S003,P005,1,49.99,49.99
TX10316,2026-07-10,S003,P006,2,34.99,69.98
TX10317,2026-07-10,S003,P006,1,34.99,34.99
TX10318,2026-07-10,S003,P007,1,9.99,9.99
TX10319,2026-07-10,S003,P007,2,9.99,19.98
TX10320,2026-07-10,S003,P007,1,9.99,9.99
TX10321,2026-07-10,S003,P007,1,9.99,9.99
TX10322,2026-07-10,S003,P008,2,12.99,25.98
TX10323,2026-07-10,S003,P008,1,12.99,12.99
TX10324,2026-07-10,S003,P009,2,14.99,29.98
TX10325,2026-07-10,S003,P009,2,14.99,29.98
TX10326,2026-07-10,S003,P009,1,14.99,14.99
TX10327,2026-07-10,S003,P012,2,59.99,119.98
TX10328,2026-07-10,S003,P013,3,22.99,68.97
TX10329,2026-07-10,S003,P015,1,11.99,11.99
TX10330,2026-07-10,S004,P001,2,29.99,59.98
TX10331,2026-07-10,S004,P003,2,39.99,79.98
TX10332,2026-07-10,S004,P004,1,149.99,149.99
TX10333,2026-07-10,S004,P006,1,34.99,34.99
TX10334,2026-07-10,S004,P006,1,34.99,34.99
TX10335,2026-07-10,S004,P007,1,9.99,9.99
TX10336,2026-07-10,S004,P007,1,9.99,9.99
TX10337,2026-07-10,S004,P008,3,12.99,38.97
TX10338,2026-07-10,S004,P009,1,14.99,14.99
TX10339,2026-07-10,S004,P010,1,19.99,19.99
TX10340,2026-07-10,S004,P011,1,24.99,24.99
TX10341,2026-07-10,S004,P013,2,22.99,45.98
TX10342,2026-07-11,S001,P001,2,29.99,59.98
TX10343,2026-07-11,S001,P001,1,29.99,29.99
TX10344,2026-07-11,S001,P001,1,29.99,29.99
TX10345,2026-07-11,S001,P001,3,29.99,89.97
TX10346,2026-07-11,S001,P001,2,29.99,59.98
TX10347,2026-07-11,S001,P002,1,89.99,89.99
TX10348,2026-07-11,S001,P003,3,39.99,119.97
TX10349,2026-07-11,S001,P003,1,39.99,39.99
TX10350,2026-07-11,S001,P003,1,39.99,39.99
TX10351,2026-07-11,S001,P003,1,39.99,39.99
TX10352,2026-07-11,S001,P004,1,149.99,149.99
TX10353,2026-07-11,S001,P004,1,149.99,149.99
TX10354,2026-07-11,S001,P005,1,49.99,49.99
TX10355,2026-07-11,S001,P005,1,49.99,49.99
TX10356,2026-07-11,S001,P006,1,34.99,34.99
TX10357,2026-07-11,S001,P006,3,34.99,104.97
TX10358,2026-07-11,S001,P007,1,9.99,9.99
TX10359,2026-07-11,S001,P007,2,9.99,19.98
TX10360,2026-07-11,S001,P007,1,9.99,9.99
TX10361,2026-07-11,S001,P007,3,9.99,29.97
TX10362,2026-07-11,S001,P007,1,9.99,9.99
TX10363,2026-07-11,S001,P007,3,9.99,29.97
TX10364,2026-07-11,S001,P007,2,9.99,19.98
TX10365,2026-07-11,S001,P008,1,12.99,12.99
TX10366,2026-07-11,S001,P008,3,12.99,38.97
TX10367,2026-07-11,S001,P009,1,14.99,14.99
TX10368,2026-07-11,S001,P009,2,14.99,29.98
TX10369,2026-07-11,S001,P009,3,14.99,44.97
TX10370,2026-07-11,S001,P009,3,14.99,44.97
TX10371,2026-07-11,S001,P009,1,14.99,14.99
TX10372,2026-07-11,S001,P010,3,19.99,59.97
TX10373,2026-07-11,S001,P010,1,19.99,19.99
TX10374,2026-07-11,S001,P011,2,24.99,49.98
TX10375,2026-07-11,S001,P012,1,59.99,59.99
TX10376,2026-07-11,S001,P013,3,22.99,68.97
TX10377,2026-07-11,S001,P014,1,32.99,32.99
TX10378,2026-07-11,S001,P015,2,11.99,23.98
TX10379,2026-07-11,S002,P001,1,29.99,29.99
TX10380,2026-07-11,S002,P001,2,29.99,59.98
TX10381,2026-07-11,S002,P003,2,39.99,79.98
TX10382,2026-07-11,S002,P004,1,149.99,149.99
TX10383,2026-07-11,S002,P006,2,34.99,69.98
TX10384,2026-07-11,S002,P007,3,9.99,29.97
TX10385,2026-07-11,S002,P007,2,9.99,19.98
TX10386,2026-07-11,S002,P008,2,12.99,25.98
TX10387,2026-07-11,S002,P009,2,14.99,29.98
TX10388,2026-07-11,S002,P009,1,14.99,14.99
TX10389,2026-07-11,S002,P010,1,19.99,19.99
TX10390,2026-07-11,S002,P011,1,24.99,24.99
TX10391,2026-07-11,S002,P013,3,22.99,68.97
TX10392,2026-07-11,S002,P015,3,11.99,35.97
TX10393,2026-07-11,S003,P001,1,29.99,29.99
TX10394,2026-07-11,S003,P001,1,29.99,29.99
TX10395,2026-07-11,S003,P001,1,29.99,29.99
TX10396,2026-07-11,S003,P002,1,89.99,89.99
TX10397,2026-07-11,S003,P007,3,9.99,29.97
TX10398,2026-07-11,S003,P007,2,9.99,19.98
TX10399,2026-07-11,S003,P008,1,12.99,12.99
TX10400,2026-07-11,S003,P008,1,12.99,12.99
TX10401,2026-07-11,S003,P009,1,14.99,14.99
TX10402,2026-07-11,S003,P009,1,14.99,14.99
TX10403,2026-07-11,S003,P009,2,14.99,29.98
TX10404,2026-07-11,S003,P010,2,19.99,39.98
TX10405,2026-07-11,S003,P011,1,24.99,24.99
TX10406,2026-07-11,S003,P011,1,24.99,24.99
TX10407,2026-07-11,S003,P012,1,59.99,59.99
TX10408,2026-07-11,S003,P015,2,11.99,23.98
TX10409,2026-07-11,S004,P002,2,89.99,179.98
TX10410,2026-07-11,S004,P006,1,34.99,34.99
TX10411,2026-07-11,S004,P007,2,9.99,19.98
TX10412,2026-07-11,S004,P008,2,12.99,25.98
TX10413,2026-07-11,S004,P011,1,24.99,24.99
TX10414,2026-07-11,S004,P011,1,24.99,24.99
TX10415,2026-07-11,S004,P013,1,22.99,22.99
TX10416,2026-07-11,S004,P015,1,11.99,11.99
TX10417,2026-07-12,S001,P001,3,29.99,89.97
TX10418,2026-07-12,S001,P001,1,29.99,29.99
TX10419,2026-07-12,S001,P002,1,89.99,89.99
TX10420,2026-07-12,S001,P002,1,89.99,89.99
TX10421,2026-07-12,S001,P003,1,39.99,39.99
TX10422,2026-07-12,S001,P003,1,39.99,39.99
TX10423,2026-07-12,S001,P003,3,39.99,119.97
TX10424,2026-07-12,S001,P004,3,149.99,449.97
TX10425,2026-07-12,S001,P006,1,34.99,34.99
TX10426,2026-07-12,S001,P006,1,34.99,34.99
TX10427,2026-07-12,S001,P007,2,9.99,19.98
TX10428,2026-07-12,S001,P007,3,9.99,29.97
TX10429,2026-07-12,S001,P007,1,9.99,9.99
TX10430,2026-07-12,S001,P007,1,9.99,9.99
TX10431,2026-07-12,S001,P008,2,12.99,25.98
TX10432,2026-07-12,S001,P008,1,12.99,12.99
TX10433,2026-07-12,S001,P008,3,12.99,38.97
TX10434,2026-07-12,S001,P008,2,12.99,25.98
TX10435,2026-07-12,S001,P009,2,14.99,29.98
TX10436,2026-07-12,S001,P009,3,14.99,44.97
TX10437,2026-07-12,S001,P009,2,14.99,29.98
TX10438,2026-07-12,S001,P009,2,14.99,29.98
TX10439,2026-07-12,S001,P009,1,14.99,14.99
TX10440,2026-07-12,S001,P009,1,14.99,14.99
TX10441,2026-07-12,S001,P010,3,19.99,59.97
TX10442,2026-07-12,S001,P010,2,19.99,39.98
TX10443,2026-07-12,S001,P010,1,19.99,19.99
TX10444,2026-07-12,S001,P011,1,24.99,24.99
TX10445,2026-07-12,S001,P011,1,24.99,24.99
TX10446,2026-07-12,S001,P011,1,24.99,24.99
TX10447,2026-07-12,S001,P012,1,59.99,59.99
TX10448,2026-07-12,S001,P013,3,22.99,68.97
TX10449,2026-07-12,S001,P013,2,22.99,45.98
TX10450,2026-07-12,S001,P013,1,22.99,22.99
TX10451,2026-07-12,S001,P013,3,22.99,68.97
TX10452,2026-07-12,S001,P013,1,22.99,22.99
TX10453,2026-07-12,S001,P015,1,11.99,11.99
TX10454,2026-07-12,S002,P001,3,29.99,89.97
TX10455,2026-07-12,S002,P003,2,39.99,79.98
TX10456,2026-07-12,S002,P003,1,39.99,39.99
TX10457,2026-07-12,S002,P004,1,149.99,149.99
TX10458,2026-07-12,S002,P004,1,149.99,149.99
TX10459,2026-07-12,S002,P007,1,9.99,9.99
TX10460,2026-07-12,S002,P007,3,9.99,29.97
TX10461,2026-07-12,S002,P007,1,9.99,9.99
TX10462,2026-07-12,S002,P008,3,12.99,38.97
TX10463,2026-07-12,S002,P008,1,12.99,12.99
TX10464,2026-07-12,S002,P008,1,12.99,12.99
TX10465,2026-07-12,S002,P009,3,14.99,44.97
TX10466,2026-07-12,S002,P009,3,14.99,44.97
TX10467,2026-07-12,S002,P009,1,14.99,14.99
TX10468,2026-07-12,S002,P010,2,19.99,39.98
TX10469,2026-07-12,S002,P014,1,32.99,32.99
TX10470,2026-07-12,S002,P015,1,11.99,11.99
TX10471,2026-07-12,S002,P015,1,11.99,11.99
TX10472,2026-07-12,S003,P001,2,29.99,59.98
TX10473,2026-07-12,S003,P001,1,29.99,29.99
TX10474,2026-07-12,S003,P002,2,89.99,179.98
TX10475,2026-07-12,S003,P002,1,89.99,89.99
TX10476,2026-07-12,S003,P003,2,39.99,79.98
TX10477,2026-07-12,S003,P004,1,149.99,149.99
TX10478,2026-07-12,S003,P004,1,149.99,149.99
TX10479,2026-07-12,S003,P007,1,9.99,9.99
TX10480,2026-07-12,S003,P007,1,9.99,9.99
TX10481,2026-07-12,S003,P008,2,12.99,25.98
TX10482,2026-07-12,S003,P009,2,14.99,29.98
TX10483,2026-07-12,S003,P009,3,14.99,44.97
TX10484,2026-07-12,S003,P009,3,14.99,44.97
TX10485,2026-07-12,S003,P010,1,19.99,19.99
TX10486,2026-07-12,S003,P010,1,19.99,19.99
TX10487,2026-07-12,S003,P011,1,24.99,24.99
TX10488,2026-07-12,S003,P012,1,59.99,59.99
TX10489,2026-07-12,S003,P013,2,22.99,45.98
TX10490,2026-07-12,S003,P014,1,32.99,32.99
TX10491,2026-07-12,S003,P014,1,32.99,32.99
TX10492,2026-07-12,S003,P015,3,11.99,35.97
TX10493,2026-07-12,S004,P001,2,29.99,59.98
TX10494,2026-07-12,S004,P002,1,89.99,89.99
TX10495,2026-07-12,S004,P007,3,9.99,29.97
TX10496,2026-07-12,S004,P007,1,9.99,9.99
TX10497,2026-07-12,S004,P008,1,12.99,12.99
TX10498,2026-07-12,S004,P008,1,12.99,12.99
TX10499,2026-07-12,S004,P009,1,14.99,14.99
TX10500,2026-07-12,S004,P009,3,14.99,44.97
TX10501,2026-07-12,S004,P009,1,14.99,14.99
TX10502,2026-07-12,S004,P009,1,14.99,14.99
TX10503,2026-07-12,S004,P010,1,19.99,19.99
TX10504,2026-07-12,S004,P010,2,19.99,39.98
TX10505,2026-07-12,S004,P011,1,24.99,24.99
TX10506,2026-07-12,S004,P013,1,22.99,22.99
TX10507,2026-07-13,S001,P001,2,29.99,59.98
TX10508,2026-07-13,S001,P001,2,29.99,59.98
TX10509,2026-07-13,S001,P001,2,29.99,59.98
TX10510,2026-07-13,S001,P002,1,89.99,89.99
TX10511,2026-07-13,S001,P002,1,89.99,89.99
TX10512,2026-07-13,S001,P002,1,89.99,89.99
TX10513,2026-07-13,S001,P002,1,89.99,89.99
TX10514,2026-07-13,S001,P003,1,39.99,39.99
TX10515,2026-07-13,S001,P003,2,39.99,79.98
TX10516,2026-07-13,S001,P003,2,39.99,79.98
TX10517,2026-07-13,S001,P003,2,39.99,79.98
TX10518,2026-07-13,S001,P004,1,149.99,149.99
TX10519,2026-07-13,S001,P004,1,149.99,149.99
TX10520,2026-07-13,S001,P005,2,49.99,99.98
TX10521,2026-07-13,S001,P006,2,34.99,69.98
TX10522,2026-07-13,S001,P007,3,9.99,29.97
TX10523,2026-07-13,S001,P007,2,9.99,19.98
TX10524,2026-07-13,S001,P007,3,9.99,29.97
TX10525,2026-07-13,S001,P007,2,9.99,19.98
TX10526,2026-07-13,S001,P008,2,12.99,25.98
TX10527,2026-07-13,S001,P009,1,14.99,14.99
TX10528,2026-07-13,S001,P009,1,14.99,14.99
TX10529,2026-07-13,S001,P009,2,14.99,29.98
TX10530,2026-07-13,S001,P009,1,14.99,14.99
TX10531,2026-07-13,S001,P009,3,14.99,44.97
TX10532,2026-07-13,S001,P009,2,14.99,29.98
TX10533,2026-07-13,S001,P009,1,14.99,14.99
TX10534,2026-07-13,S001,P010,1,19.99,19.99
TX10535,2026-07-13,S001,P010,3,19.99,59.97
TX10536,2026-07-13,S001,P011,2,24.99,49.98
TX10537,2026-07-13,S001,P011,1,24.99,24.99
TX10538,2026-07-13,S001,P012,1,59.99,59.99
TX10539,2026-07-13,S001,P013,2,22.99,45.98
TX10540,2026-07-13,S001,P013,2,22.99,45.98
TX10541,2026-07-13,S001,P013,1,22.99,22.99
TX10542,2026-07-13,S001,P014,1,32.99,32.99
TX10543,2026-07-13,S001,P015,1,11.99,11.99
TX10544,2026-07-13,S001,P015,2,11.99,23.98
TX10545,2026-07-13,S001,P015,3,11.99,35.97
TX10546,2026-07-13,S002,P001,1,29.99,29.99
TX10547,2026-07-13,S002,P001,2,29.99,59.98
TX10548,2026-07-13,S002,P001,1,29.99,29.99
TX10549,2026-07-13,S002,P002,3,89.99,269.97
TX10550,2026-07-13,S002,P002,1,89.99,89.99
TX10551,2026-07-13,S002,P003,1,39.99,39.99
TX10552,2026-07-13,S002,P003,1,39.99,39.99
TX10553,2026-07-13,S002,P007,3,9.99,29.97
TX10554,2026-07-13,S002,P007,2,9.99,19.98
TX10555,2026-07-13,S002,P008,1,12.99,12.99
TX10556,2026-07-13,S002,P009,3,14.99,44.97
TX10557,2026-07-13,S002,P009,3,14.99,44.97
TX10558,2026-07-13,S002,P010,1,19.99,19.99
TX10559,2026-07-13,S002,P012,1,59.99,59.99
TX10560,2026-07-13,S002,P013,2,22.99,45.98
TX10561,2026-07-13,S002,P013,2,22.99,45.98
TX10562,2026-07-13,S002,P015,1,11.99,11.99
TX10563,2026-07-13,S003,P001,1,29.99,29.99
TX10564,2026-07-13,S003,P003,1,39.99,39.99
TX10565,2026-07-13,S003,P004,1,149.99,149.99
TX10566,2026-07-13,S003,P005,1,49.99,49.99
TX10567,2026-07-13,S003,P007,3,9.99,29.97
TX10568,2026-07-13,S003,P008,1,12.99,12.99
TX10569,2026-07-13,S003,P009,3,14.99,44.97
TX10570,2026-07-13,S003,P009,2,14.99,29.98
TX10571,2026-07-13,S003,P009,2,14.99,29.98
TX10572,2026-07-13,S003,P010,2,19.99,39.98
TX10573,2026-07-13,S003,P010,2,19.99,39.98
TX10574,2026-07-13,S003,P011,2,24.99,49.98
TX10575,2026-07-13,S003,P013,1,22.99,22.99
TX10576,2026-07-13,S003,P014,1,32.99,32.99
TX10577,2026-07-13,S003,P015,2,11.99,23.98
TX10578,2026-07-13,S004,P001,2,29.99,59.98
TX10579,2026-07-13,S004,P001,1,29.99,29.99
TX10580,2026-07-13,S004,P002,1,89.99,89.99
TX10581,2026-07-13,S004,P003,1,39.99,39.99
TX10582,2026-07-13,S004,P003,2,39.99,79.98
TX10583,2026-07-13,S004,P004,1,149.99,149.99
TX10584,2026-07-13,S004,P007,2,9.99,19.98
TX10585,2026-07-13,S004,P007,2,9.99,19.98
TX10586,2026-07-13,S004,P008,1,12.99,12.99
TX10587,2026-07-13,S004,P009,1,14.99,14.99
TX10588,2026-07-13,S004,P010,2,19.99,39.98
TX10589,2026-07-13,S004,P011,1,24.99,24.99
TX10590,2026-07-13,S004,P013,2,22.99,45.98
TX10591,2026-07-13,S004,P015,1,11.99,11.99
TX10592,2026-07-14,S001,P001,3,29.99,89.97
TX10593,2026-07-14,S001,P001,1,29.99,29.99
TX10594,2026-07-14,S001,P001,2,29.99,59.98
TX10595,2026-07-14,S001,P001,1,29.99,29.99
TX10596,2026-07-14,S001,P002,1,89.99,89.99
TX10597,2026-07-14,S001,P002,2,89.99,179.98
TX10598,2026-07-14,S001,P002,1,89.99,89.99
TX10599,2026-07-14,S001,P003,3,39.99,119.97
TX10600,2026-07-14,S001,P003,2,39.99,79.98
TX10601,2026-07-14,S001,P004,2,149.99,299.98
TX10602,2026-07-14,S001,P005,1,49.99,49.99
TX10603,2026-07-14,S001,P006,2,34.99,69.98
TX10604,2026-07-14,S001,P006,1,34.99,34.99
TX10605,2026-07-14,S001,P007,3,9.99,29.97
TX10606,2026-07-14,S001,P007,1,9.99,9.99
TX10607,2026-07-14,S001,P007,2,9.99,19.98
TX10608,2026-07-14,S001,P008,2,12.99,25.98
TX10609,2026-07-14,S001,P008,2,12.99,25.98
TX10610,2026-07-14,S001,P009,1,14.99,14.99
TX10611,2026-07-14,S001,P009,3,14.99,44.97
TX10612,2026-07-14,S001,P009,1,14.99,14.99
TX10613,2026-07-14,S001,P009,2,14.99,29.98
TX10614,2026-07-14,S001,P009,2,14.99,29.98
TX10615,2026-07-14,S001,P010,1,19.99,19.99
TX10616,2026-07-14,S001,P011,2,24.99,49.98
TX10617,2026-07-14,S001,P013,3,22.99,68.97
TX10618,2026-07-14,S001,P013,1,22.99,22.99
TX10619,2026-07-14,S001,P015,1,11.99,11.99
TX10620,2026-07-14,S001,P015,1,11.99,11.99
TX10621,2026-07-14,S002,P001,3,29.99,89.97
TX10622,2026-07-14,S002,P001,2,29.99,59.98
TX10623,2026-07-14,S002,P001,1,29.99,29.99
TX10624,2026-07-14,S002,P001,1,29.99,29.99
TX10625,2026-07-14,S002,P003,1,39.99,39.99
TX10626,2026-07-14,S002,P003,1,39.99,39.99
TX10627,2026-07-14,S002,P004,1,149.99,149.99
TX10628,2026-07-14,S002,P004,1,149.99,149.99
TX10629,2026-07-14,S002,P006,2,34.99,69.98
TX10630,2026-07-14,S002,P007,3,9.99,29.97
TX10631,2026-07-14,S002,P007,1,9.99,9.99
TX10632,2026-07-14,S002,P007,2,9.99,19.98
TX10633,2026-07-14,S002,P007,2,9.99,19.98
TX10634,2026-07-14,S002,P008,3,12.99,38.97
TX10635,2026-07-14,S002,P008,2,12.99,25.98
TX10636,2026-07-14,S002,P009,1,14.99,14.99
TX10637,2026-07-14,S002,P009,3,14.99,44.97
TX10638,2026-07-14,S002,P010,3,19.99,59.97
TX10639,2026-07-14,S002,P010,2,19.99,39.98
TX10640,2026-07-14,S002,P010,2,19.99,39.98
TX10641,2026-07-14,S002,P011,1,24.99,24.99
TX10642,2026-07-14,S002,P012,1,59.99,59.99
TX10643,2026-07-14,S002,P012,1,59.99,59.99
TX10644,2026-07-14,S002,P012,1,59.99,59.99
TX10645,2026-07-14,S002,P013,3,22.99,68.97
TX10646,2026-07-14,S002,P015,1,11.99,11.99
TX10647,2026-07-14,S002,P015,1,11.99,11.99
TX10648,2026-07-14,S003,P001,2,29.99,59.98
TX10649,2026-07-14,S003,P002,1,89.99,89.99
TX10650,2026-07-14,S003,P004,1,149.99,149.99
TX10651,2026-07-14,S003,P006,1,34.99,34.99
TX10652,2026-07-14,S003,P007,3,9.99,29.97
TX10653,2026-07-14,S003,P008,2,12.99,25.98
TX10654,2026-07-14,S003,P009,1,14.99,14.99
TX10655,2026-07-14,S003,P009,3,14.99,44.97
TX10656,2026-07-14,S003,P009,1,14.99,14.99
TX10657,2026-07-14,S003,P009,1,14.99,14.99
TX10658,2026-07-14,S003,P009,1,14.99,14.99
TX10659,2026-07-14,S003,P010,1,19.99,19.99
TX10660,2026-07-14,S003,P011,2,24.99,49.98
TX10661,2026-07-14,S003,P012,1,59.99,59.99
TX10662,2026-07-14,S003,P013,2,22.99,45.98
TX10663,2026-07-14,S003,P015,1,11.99,11.99
TX10664,2026-07-14,S004,P001,2,29.99,59.98
TX10665,2026-07-14,S004,P003,2,39.99,79.98
TX10666,2026-07-14,S004,P007,2,9.99,19.98
TX10667,2026-07-14,S004,P008,1,12.99,12.99
TX10668,2026-07-14,S004,P009,3,14.99,44.97
TX10669,2026-07-14,S004,P010,2,19.99,39.98
TX10670,2026-07-14,S004,P011,2,24.99,49.98
TX10671,2026-07-14,S004,P013,1,22.99,22.99
TX10672,2026-07-14,S004,P015,1,11.99,11.99
TX10673,2026-07-15,S001,P001,1,29.99,29.99
TX10674,2026-07-15,S001,P001,3,29.99,89.97
TX10675,2026-07-15,S001,P001,2,29.99,59.98
TX10676,2026-07-15,S001,P001,2,29.99,59.98
TX10677,2026-07-15,S001,P001,1,29.99,29.99
TX10678,2026-07-15,S001,P002,1,89.99,89.99
TX10679,2026-07-15,S001,P002,2,89.99,179.98
TX10680,2026-07-15,S001,P003,2,39.99,79.98
TX10681,2026-07-15,S001,P003,2,39.99,79.98
TX10682,2026-07-15,S001,P004,2,149.99,299.98
TX10683,2026-07-15,S001,P004,1,149.99,149.99
TX10684,2026-07-15,S001,P006,1,34.99,34.99
TX10685,2026-07-15,S001,P006,2,34.99,69.98
TX10686,2026-07-15,S001,P007,2,9.99,19.98
TX10687,2026-07-15,S001,P007,1,9.99,9.99
TX10688,2026-07-15,S001,P007,3,9.99,29.97
TX10689,2026-07-15,S001,P007,2,9.99,19.98
TX10690,2026-07-15,S001,P007,1,9.99,9.99
TX10691,2026-07-15,S001,P007,1,9.99,9.99
TX10692,2026-07-15,S001,P008,2,12.99,25.98
TX10693,2026-07-15,S001,P008,1,12.99,12.99
TX10694,2026-07-15,S001,P009,3,14.99,44.97
TX10695,2026-07-15,S001,P009,1,14.99,14.99
TX10696,2026-07-15,S001,P009,1,14.99,14.99
TX10697,2026-07-15,S001,P010,1,19.99,19.99
TX10698,2026-07-15,S001,P010,1,19.99,19.99
TX10699,2026-07-15,S001,P010,2,19.99,39.98
TX10700,2026-07-15,S001,P010,2,19.99,39.98
TX10701,2026-07-15,S001,P011,1,24.99,24.99
TX10702,2026-07-15,S001,P011,3,24.99,74.97
TX10703,2026-07-15,S001,P012,1,59.99,59.99
TX10704,2026-07-15,S001,P012,1,59.99,59.99
TX10705,2026-07-15,S001,P013,2,22.99,45.98
TX10706,2026-07-15,S001,P013,2,22.99,45.98
TX10707,2026-07-15,S001,P013,2,22.99,45.98
TX10708,2026-07-15,S001,P015,3,11.99,35.97
TX10709,2026-07-15,S001,P015,2,11.99,23.98
TX10710,2026-07-15,S002,P001,2,29.99,59.98
TX10711,2026-07-15,S002,P001,1,29.99,29.99
TX10712,2026-07-15,S002,P001,1,29.99,29.99
TX10713,2026-07-15,S002,P001,2,29.99,59.98
TX10714,2026-07-15,S002,P002,1,89.99,89.99
TX10715,2026-07-15,S002,P003,3,39.99,119.97
TX10716,2026-07-15,S002,P004,1,149.99,149.99
TX10717,2026-07-15,S002,P006,1,34.99,34.99
TX10718,2026-07-15,S002,P007,3,9.99,29.97
TX10719,2026-07-15,S002,P007,1,9.99,9.99
TX10720,2026-07-15,S002,P008,2,12.99,25.98
TX10721,2026-07-15,S002,P008,1,12.99,12.99
TX10722,2026-07-15,S002,P008,2,12.99,25.98
TX10723,2026-07-15,S002,P008,2,12.99,25.98
TX10724,2026-07-15,S002,P009,2,14.99,29.98
TX10725,2026-07-15,S002,P009,2,14.99,29.98
TX10726,2026-07-15,S002,P009,3,14.99,44.97
TX10727,2026-07-15,S002,P009,2,14.99,29.98
TX10728,2026-07-15,S002,P010,1,19.99,19.99
TX10729,2026-07-15,S002,P011,1,24.99,24.99
TX10730,2026-07-15,S002,P012,3,59.99,179.97
TX10731,2026-07-15,S002,P013,1,22.99,22.99
TX10732,2026-07-15,S002,P013,2,22.99,45.98
TX10733,2026-07-15,S002,P013,1,22.99,22.99
TX10734,2026-07-15,S002,P013,1,22.99,22.99
TX10735,2026-07-15,S002,P015,1,11.99,11.99
TX10736,2026-07-15,S003,P001,1,29.99,29.99
TX10737,2026-07-15,S003,P004,1,149.99,149.99
TX10738,2026-07-15,S003,P004,2,149.99,299.98
TX10739,2026-07-15,S003,P006,1,34.99,34.99
TX10740,2026-07-15,S003,P007,2,9.99,19.98
TX10741,2026-07-15,S003,P008,2,12.99,25.98
TX10742,2026-07-15,S003,P009,2,14.99,29.98
TX10743,2026-07-15,S003,P009,1,14.99,14.99
TX10744,2026-07-15,S003,P010,1,19.99,19.99
TX10745,2026-07-15,S003,P011,2,24.99,49.98
TX10746,2026-07-15,S003,P013,1,22.99,22.99
TX10747,2026-07-15,S003,P015,1,11.99,11.99
TX10748,2026-07-15,S004,P001,3,29.99,89.97
TX10749,2026-07-15,S004,P001,1,29.99,29.99
TX10750,2026-07-15,S004,P002,1,89.99,89.99
TX10751,2026-07-15,S004,P003,1,39.99,39.99
TX10752,2026-07-15,S004,P004,1,149.99,149.99
TX10753,2026-07-15,S004,P007,3,9.99,29.97
TX10754,2026-07-15,S004,P007,1,9.99,9.99
TX10755,2026-07-15,S004,P008,1,12.99,12.99
TX10756,2026-07-15,S004,P011,1,24.99,24.99
TX10757,2026-07-16,S001,P001,2,29.99,59.98
TX10758,2026-07-16,S001,P001,1,29.99,29.99
TX10759,2026-07-16,S001,P001,2,29.99,59.98
TX10760,2026-07-16,S001,P001,1,29.99,29.99
TX10761,2026-07-16,S001,P001,1,29.99,29.99
TX10762,2026-07-16,S001,P001,1,29.99,29.99
TX10763,2026-07-16,S001,P002,2,89.99,179.98
TX10764,2026-07-16,S001,P003,2,39.99,79.98
TX10765,2026-07-16,S001,P003,1,39.99,39.99
TX10766,2026-07-16,S001,P003,2,39.99,79.98
TX10767,2026-07-16,S001,P003,2,39.99,79.98
TX10768,2026-07-16,S001,P003,2,39.99,79.98
TX10769,2026-07-16,S001,P004,2,149.99,299.98
TX10770,2026-07-16,S001,P005,1,49.99,49.99
TX10771,2026-07-16,S001,P006,2,34.99,69.98
TX10772,2026-07-16,S001,P006,2,34.99,69.98
TX10773,2026-07-16,S001,P006,1,34.99,34.99
TX10774,2026-07-16,S001,P006,2,34.99,69.98
TX10775,2026-07-16,S001,P007,1,9.99,9.99
TX10776,2026-07-16,S001,P007,3,9.99,29.97
TX10777,2026-07-16,S001,P007,2,9.99,19.98
TX10778,2026-07-16,S001,P008,1,12.99,12.99
TX10779,2026-07-16,S001,P008,1,12.99,12.99
TX10780,2026-07-16,S001,P009,1,14.99,14.99
TX10781,2026-07-16,S001,P009,3,14.99,44.97
TX10782,2026-07-16,S001,P009,1,14.99,14.99
TX10783,2026-07-16,S001,P009,3,14.99,44.97
TX10784,2026-07-16,S001,P010,1,19.99,19.99
TX10785,2026-07-16,S001,P011,1,24.99,24.99
TX10786,2026-07-16,S001,P011,1,24.99,24.99
TX10787,2026-07-16,S001,P011,1,24.99,24.99
TX10788,2026-07-16,S001,P013,1,22.99,22.99
TX10789,2026-07-16,S001,P013,3,22.99,68.97
TX10790,2026-07-16,S001,P013,1,22.99,22.99
TX10791,2026-07-16,S001,P013,1,22.99,22.99
TX10792,2026-07-16,S001,P015,1,11.99,11.99
TX10793,2026-07-16,S001,P015,2,11.99,23.98
TX10794,2026-07-16,S002,P001,3,29.99,89.97
TX10795,2026-07-16,S002,P001,1,29.99,29.99
TX10796,2026-07-16,S002,P001,3,29.99,89.97
TX10797,2026-07-16,S002,P001,1,29.99,29.99
TX10798,2026-07-16,S002,P001,1,29.99,29.99
TX10799,2026-07-16,S002,P002,2,89.99,179.98
TX10800,2026-07-16,S002,P003,2,39.99,79.98
TX10801,2026-07-16,S002,P003,1,39.99,39.99
TX10802,2026-07-16,S002,P004,1,149.99,149.99
TX10803,2026-07-16,S002,P006,2,34.99,69.98
TX10804,2026-07-16,S002,P007,3,9.99,29.97
TX10805,2026-07-16,S002,P007,3,9.99,29.97
TX10806,2026-07-16,S002,P007,3,9.99,29.97
TX10807,2026-07-16,S002,P007,1,9.99,9.99
TX10808,2026-07-16,S002,P008,1,12.99,12.99
TX10809,2026-07-16,S002,P008,2,12.99,25.98
TX10810,2026-07-16,S002,P008,1,12.99,12.99
TX10811,2026-07-16,S002,P008,1,12.99,12.99
TX10812,2026-07-16,S002,P009,1,14.99,14.99
TX10813,2026-07-16,S002,P009,2,14.99,29.98
TX10814,2026-07-16,S002,P009,1,14.99,14.99
TX10815,2026-07-16,S002,P010,3,19.99,59.97
TX10816,2026-07-16,S002,P010,2,19.99,39.98
TX10817,2026-07-16,S002,P011,1,24.99,24.99
TX10818,2026-07-16,S002,P012,3,59.99,179.97
TX10819,2026-07-16,S002,P013,1,22.99,22.99
TX10820,2026-07-16,S002,P013,1,22.99,22.99
TX10821,2026-07-16,S002,P015,2,11.99,23.98
TX10822,2026-07-16,S003,P001,3,29.99,89.97
TX10823,2026-07-16,S003,P002,2,89.99,179.98
TX10824,2026-07-16,S003,P003,1,39.99,39.99
TX10825,2026-07-16,S003,P003,1,39.99,39.99
TX10826,2026-07-16,S003,P003,1,39.99,39.99
TX10827,2026-07-16,S003,P004,1,149.99,149.99
TX10828,2026-07-16,S003,P007,3,9.99,29.97
TX10829,2026-07-16,S003,P008,3,12.99,38.97
TX10830,2026-07-16,S003,P008,1,12.99,12.99
TX10831,2026-07-16,S003,P009,3,14.99,44.97
TX10832,2026-07-16,S003,P009,1,14.99,14.99
TX10833,2026-07-16,S003,P009,2,14.99,29.98
TX10834,2026-07-16,S003,P010,3,19.99,59.97
TX10835,2026-07-16,S003,P011,1,24.99,24.99
TX10836,2026-07-16,S003,P012,1,59.99,59.99
TX10837,2026-07-16,S003,P013,2,22.99,45.98
TX10838,2026-07-16,S003,P013,1,22.99,22.99
TX10839,2026-07-16,S003,P013,1,22.99,22.99
TX10840,2026-07-16,S003,P015,1,11.99,11.99
TX10841,2026-07-16,S004,P001,1,29.99,29.99
TX10842,2026-07-16,S004,P003,1,39.99,39.99
TX10843,2026-07-16,S004,P004,1,149.99,149.99
TX10844,2026-07-16,S004,P007,1,9.99,9.99
TX10845,2026-07-16,S004,P008,1,12.99,12.99
TX10846,2026-07-16,S004,P009,2,14.99,29.98
TX10847,2026-07-16,S004,P009,2,14.99,29.98
TX10848,2026-07-16,S004,P009,1,14.99,14.99
TX10849,2026-07-16,S004,P010,1,19.99,19.99
TX10850,2026-07-16,S004,P011,1,24.99,24.99
TX10851,2026-07-16,S004,P013,1,22.99,22.99
TX10852,2026-07-16,S004,P013,1,22.99,22.99
TX10853,2026-07-17,S001,P001,1,29.99,29.99
TX10854,2026-07-17,S001,P001,2,29.99,59.98
TX10855,2026-07-17,S001,P002,3,89.99,269.97
TX10856,2026-07-17,S001,P003,3,39.99,119.97
TX10857,2026-07-17,S001,P003,2,39.99,79.98
TX10858,2026-07-17,S001,P003,2,39.99,79.98
TX10859,2026-07-17,S001,P004,1,149.99,149.99
TX10860,2026-07-17,S001,P006,2,34.99,69.98
TX10861,2026-07-17,S001,P006,2,34.99,69.98
TX10862,2026-07-17,S001,P006,1,34.99,34.99
TX10863,2026-07-17,S001,P007,3,9.99,29.97
TX10864,2026-07-17,S001,P007,3,9.99,29.97
TX10865,2026-07-17,S001,P008,2,12.99,25.98
TX10866,2026-07-17,S001,P008,2,12.99,25.98
TX10867,2026-07-17,S001,P009,1,14.99,14.99
TX10868,2026-07-17,S001,P009,1,14.99,14.99
TX10869,2026-07-17,S001,P009,2,14.99,29.98
TX10870,2026-07-17,S001,P009,2,14.99,29.98
TX10871,2026-07-17,S001,P010,1,19.99,19.99
TX10872,2026-07-17,S001,P010,1,19.99,19.99
TX10873,2026-07-17,S001,P011,2,24.99,49.98
TX10874,2026-07-17,S001,P012,1,59.99,59.99
TX10875,2026-07-17,S001,P013,3,22.99,68.97
TX10876,2026-07-17,S001,P013,2,22.99,45.98
TX10877,2026-07-17,S001,P013,1,22.99,22.99
TX10878,2026-07-17,S001,P014,1,32.99,32.99
TX10879,2026-07-17,S001,P014,1,32.99,32.99
TX10880,2026-07-17,S001,P015,2,11.99,23.98
TX10881,2026-07-17,S001,P015,1,11.99,11.99
TX10882,2026-07-17,S002,P001,2,29.99,59.98
TX10883,2026-07-17,S002,P001,1,29.99,29.99
TX10884,2026-07-17,S002,P001,1,29.99,29.99
TX10885,2026-07-17,S002,P002,1,89.99,89.99
TX10886,2026-07-17,S002,P003,2,39.99,79.98
TX10887,2026-07-17,S002,P003,1,39.99,39.99
TX10888,2026-07-17,S002,P004,2,149.99,299.98
TX10889,2026-07-17,S002,P006,1,34.99,34.99
TX10890,2026-07-17,S002,P007,2,9.99,19.98
TX10891,2026-07-17,S002,P007,3,9.99,29.97
TX10892,2026-07-17,S002,P007,1,9.99,9.99
TX10893,2026-07-17,S002,P007,1,9.99,9.99
TX10894,2026-07-17,S002,P008,1,12.99,12.99
TX10895,2026-07-17,S002,P008,1,12.99,12.99
TX10896,2026-07-17,S002,P009,1,14.99,14.99
TX10897,2026-07-17,S002,P009,3,14.99,44.97
TX10898,2026-07-17,S002,P009,1,14.99,14.99
TX10899,2026-07-17,S002,P010,1,19.99,19.99
TX10900,2026-07-17,S002,P011,1,24.99,24.99
TX10901,2026-07-17,S002,P012,1,59.99,59.99
TX10902,2026-07-17,S002,P013,3,22.99,68.97
TX10903,2026-07-17,S002,P013,2,22.99,45.98
TX10904,2026-07-17,S002,P013,2,22.99,45.98
TX10905,2026-07-17,S002,P015,3,11.99,35.97
TX10906,2026-07-17,S003,P001,2,29.99,59.98
TX10907,2026-07-17,S003,P001,1,29.99,29.99
TX10908,2026-07-17,S003,P002,1,89.99,89.99
TX10909,2026-07-17,S003,P002,1,89.99,89.99
TX10910,2026-07-17,S003,P003,2,39.99,79.98
TX10911,2026-07-17,S003,P004,1,149.99,149.99
TX10912,2026-07-17,S003,P005,1,49.99,49.99
TX10913,2026-07-17,S003,P006,2,34.99,69.98
TX10914,2026-07-17,S003,P007,1,9.99,9.99
TX10915,2026-07-17,S003,P007,2,9.99,19.98
TX10916,2026-07-17,S003,P007,3,9.99,29.97
TX10917,2026-07-17,S003,P007,1,9.99,9.99
TX10918,2026-07-17,S003,P008,1,12.99,12.99
TX10919,2026-07-17,S003,P009,2,14.99,29.98
TX10920,2026-07-17,S003,P009,3,14.99,44.97
TX10921,2026-07-17,S003,P010,3,19.99,59.97
TX10922,2026-07-17,S003,P010,1,19.99,19.99
TX10923,2026-07-17,S003,P011,2,24.99,49.98
TX10924,2026-07-17,S003,P011,1,24.99,24.99
TX10925,2026-07-17,S003,P012,1,59.99,59.99
TX10926,2026-07-17,S003,P013,1,22.99,22.99
TX10927,2026-07-17,S003,P015,2,11.99,23.98
TX10928,2026-07-17,S003,P015,1,11.99,11.99
TX10929,2026-07-17,S004,P001,1,29.99,29.99
TX10930,2026-07-17,S004,P002,2,89.99,179.98
TX10931,2026-07-17,S004,P003,1,39.99,39.99
TX10932,2026-07-17,S004,P006,1,34.99,34.99
TX10933,2026-07-17,S004,P007,1,9.99,9.99
TX10934,2026-07-17,S004,P007,1,9.99,9.99
TX10935,2026-07-17,S004,P007,1,9.99,9.99
TX10936,2026-07-17,S004,P008,1,12.99,12.99
TX10937,2026-07-17,S004,P008,1,12.99,12.99
TX10938,2026-07-17,S004,P009,1,14.99,14.99
TX10939,2026-07-17,S004,P010,1,19.99,19.99
TX10940,2026-07-17,S004,P011,1,24.99,24.99
TX10941,2026-07-17,S004,P013,2,22.99,45.98
TX10942,2026-07-17,S004,P015,1,11.99,11.99
TX10943,2026-07-18,S001,P001,1,29.99,29.99
TX10944,2026-07-18,S001,P001,1,29.99,29.99
TX10945,2026-07-18,S001,P001,3,29.99,89.97
TX10946,2026-07-18,S001,P001,1,29.99,29.99
TX10947,2026-07-18,S001,P002,2,89.99,179.98
TX10948,2026-07-18,S001,P002,2,89.99,179.98
TX10949,2026-07-18,S001,P003,2,39.99,79.98
TX10950,2026-07-18,S001,P004,2,149.99,299.98
TX10951,2026-07-18,S001,P005,2,49.99,99.98
TX10952,2026-07-18,S001,P006,2,34.99,69.98
TX10953,2026-07-18,S001,P006,1,34.99,34.99
TX10954,2026-07-18,S001,P006,1,34.99,34.99
TX10955,2026-07-18,S001,P006,1,34.99,34.99
TX10956,2026-07-18,S001,P007,1,9.99,9.99
TX10957,2026-07-18,S001,P007,2,9.99,19.98
TX10958,2026-07-18,S001,P007,1,9.99,9.99
TX10959,2026-07-18,S001,P007,2,9.99,19.98
TX10960,2026-07-18,S001,P007,1,9.99,9.99
TX10961,2026-07-18,S001,P007,1,9.99,9.99
TX10962,2026-07-18,S001,P008,3,12.99,38.97
TX10963,2026-07-18,S001,P008,1,12.99,12.99
TX10964,2026-07-18,S001,P008,2,12.99,25.98
TX10965,2026-07-18,S001,P008,1,12.99,12.99
TX10966,2026-07-18,S001,P008,1,12.99,12.99
TX10967,2026-07-18,S001,P009,3,14.99,44.97
TX10968,2026-07-18,S001,P009,2,14.99,29.98
TX10969,2026-07-18,S001,P009,3,14.99,44.97
TX10970,2026-07-18,S001,P009,1,14.99,14.99
TX10971,2026-07-18,S001,P009,1,14.99,14.99
TX10972,2026-07-18,S001,P011,2,24.99,49.98
TX10973,2026-07-18,S001,P012,1,59.99,59.99
TX10974,2026-07-18,S001,P013,1,22.99,22.99
TX10975,2026-07-18,S001,P013,3,22.99,68.97
TX10976,2026-07-18,S001,P013,2,22.99,45.98
TX10977,2026-07-18,S001,P013,1,22.99,22.99
TX10978,2026-07-18,S001,P015,2,11.99,23.98
TX10979,2026-07-18,S002,P001,2,29.99,59.98
TX10980,2026-07-18,S002,P001,2,29.99,59.98
TX10981,2026-07-18,S002,P001,1,29.99,29.99
TX10982,2026-07-18,S002,P002,1,89.99,89.99
TX10983,2026-07-18,S002,P003,2,39.99,79.98
TX10984,2026-07-18,S002,P004,2,149.99,299.98
TX10985,2026-07-18,S002,P004,1,149.99,149.99
TX10986,2026-07-18,S002,P006,1,34.99,34.99
TX10987,2026-07-18,S002,P007,2,9.99,19.98
TX10988,2026-07-18,S002,P007,2,9.99,19.98
TX10989,2026-07-18,S002,P007,1,9.99,9.99
TX10990,2026-07-18,S002,P007,3,9.99,29.97
TX10991,2026-07-18,S002,P008,2,12.99,25.98
TX10992,2026-07-18,S002,P009,3,14.99,44.97
TX10993,2026-07-18,S002,P009,1,14.99,14.99
TX10994,2026-07-18,S002,P009,1,14.99,14.99
TX10995,2026-07-18,S002,P009,1,14.99,14.99
TX10996,2026-07-18,S002,P009,1,14.99,14.99
TX10997,2026-07-18,S002,P010,2,19.99,39.98
TX10998,2026-07-18,S002,P013,1,22.99,22.99
TX10999,2026-07-18,S002,P013,1,22.99,22.99
TX11000,2026-07-18,S002,P013,1,22.99,22.99
TX11001,2026-07-18,S002,P015,2,11.99,23.98
TX11002,2026-07-18,S003,P001,1,29.99,29.99
TX11003,2026-07-18,S003,P003,1,39.99,39.99
TX11004,2026-07-18,S003,P006,2,34.99,69.98
TX11005,2026-07-18,S003,P007,3,9.99,29.97
TX11006,2026-07-18,S003,P008,1,12.99,12.99
TX11007,2026-07-18,S003,P009,3,14.99,44.97
TX11008,2026-07-18,S003,P009,2,14.99,29.98
TX11009,2026-07-18,S003,P009,1,14.99,14.99
TX11010,2026-07-18,S003,P010,1,19.99,19.99
TX11011,2026-07-18,S003,P011,1,24.99,24.99
TX11012,2026-07-18,S003,P012,2,59.99,119.98
TX11013,2026-07-18,S003,P013,2,22.99,45.98
TX11014,2026-07-18,S003,P013,2,22.99,45.98
TX11015,2026-07-18,S004,P001,1,29.99,29.99
TX11016,2026-07-18,S004,P002,1,89.99,89.99
TX11017,2026-07-18,S004,P007,1,9.99,9.99
TX11018,2026-07-18,S004,P008,1,12.99,12.99
TX11019,2026-07-18,S004,P010,2,19.99,39.98
TX11020,2026-07-18,S004,P011,1,24.99,24.99
TX11021,2026-07-18,S004,P015,1,11.99,11.99
TX11022,2026-07-18,S004,P015,2,11.99,23.98
TX11023,2026-07-19,S001,P001,1,29.99,29.99
TX11024,2026-07-19,S001,P001,2,29.99,59.98
TX11025,2026-07-19,S001,P001,1,29.99,29.99
TX11026,2026-07-19,S001,P003,1,39.99,39.99
TX11027,2026-07-19,S001,P003,1,39.99,39.99
TX11028,2026-07-19,S001,P003,1,39.99,39.99
TX11029,2026-07-19,S001,P003,1,39.99,39.99
TX11030,2026-07-19,S001,P006,3,34.99,104.97
TX11031,2026-07-19,S001,P006,1,34.99,34.99
TX11032,2026-07-19,S001,P006,1,34.99,34.99
TX11033,2026-07-19,S001,P007,1,9.99,9.99
TX11034,2026-07-19,S001,P007,2,9.99,19.98
TX11035,2026-07-19,S001,P007,2,9.99,19.98
TX11036,2026-07-19,S001,P007,3,9.99,29.97
TX11037,2026-07-19,S001,P007,3,9.99,29.97
TX11038,2026-07-19,S001,P007,2,9.99,19.98
TX11039,2026-07-19,S001,P008,2,12.99,25.98
TX11040,2026-07-19,S001,P008,1,12.99,12.99
TX11041,2026-07-19,S001,P008,1,12.99,12.99
TX11042,2026-07-19,S001,P008,1,12.99,12.99
TX11043,2026-07-19,S001,P009,3,14.99,44.97
TX11044,2026-07-19,S001,P009,2,14.99,29.98
TX11045,2026-07-19,S001,P009,2,14.99,29.98
TX11046,2026-07-19,S001,P010,2,19.99,39.98
TX11047,2026-07-19,S001,P010,1,19.99,19.99
TX11048,2026-07-19,S001,P010,2,19.99,39.98
TX11049,2026-07-19,S001,P011,1,24.99,24.99
TX11050,2026-07-19,S001,P011,2,24.99,49.98
TX11051,2026-07-19,S001,P012,1,59.99,59.99
TX11052,2026-07-19,S001,P013,3,22.99,68.97
TX11053,2026-07-19,S001,P013,1,22.99,22.99
TX11054,2026-07-19,S001,P015,1,11.99,11.99
TX11055,2026-07-19,S002,P001,2,29.99,59.98
TX11056,2026-07-19,S002,P001,1,29.99,29.99
TX11057,2026-07-19,S002,P001,1,29.99,29.99
TX11058,2026-07-19,S002,P002,1,89.99,89.99
TX11059,2026-07-19,S002,P002,2,89.99,179.98
TX11060,2026-07-19,S002,P003,1,39.99,39.99
TX11061,2026-07-19,S002,P003,2,39.99,79.98
TX11062,2026-07-19,S002,P003,1,39.99,39.99
TX11063,2026-07-19,S002,P003,1,39.99,39.99
TX11064,2026-07-19,S002,P007,1,9.99,9.99
TX11065,2026-07-19,S002,P007,1,9.99,9.99
TX11066,2026-07-19,S002,P007,2,9.99,19.98
TX11067,2026-07-19,S002,P007,2,9.99,19.98
TX11068,2026-07-19,S002,P008,1,12.99,12.99
TX11069,2026-07-19,S002,P009,3,14.99,44.97
TX11070,2026-07-19,S002,P009,2,14.99,29.98
TX11071,2026-07-19,S002,P009,1,14.99,14.99
TX11072,2026-07-19,S002,P010,1,19.99,19.99
TX11073,2026-07-19,S002,P010,2,19.99,39.98
TX11074,2026-07-19,S002,P011,3,24.99,74.97
TX11075,2026-07-19,S002,P011,1,24.99,24.99
TX11076,2026-07-19,S002,P013,1,22.99,22.99
TX11077,2026-07-19,S002,P015,1,11.99,11.99
TX11078,2026-07-19,S003,P001,2,29.99,59.98
TX11079,2026-07-19,S003,P001,3,29.99,89.97
TX11080,2026-07-19,S003,P002,1,89.99,89.99
TX11081,2026-07-19,S003,P003,2,39.99,79.98
TX11082,2026-07-19,S003,P003,2,39.99,79.98
TX11083,2026-07-19,S003,P005,1,49.99,49.99
TX11084,2026-07-19,S003,P006,2,34.99,69.98
TX11085,2026-07-19,S003,P007,1,9.99,9.99
TX11086,2026-07-19,S003,P007,2,9.99,19.98
TX11087,2026-07-19,S003,P008,3,12.99,38.97
TX11088,2026-07-19,S003,P008,2,12.99,25.98
TX11089,2026-07-19,S003,P009,3,14.99,44.97
TX11090,2026-07-19,S003,P009,2,14.99,29.98
TX11091,2026-07-19,S003,P010,1,19.99,19.99
TX11092,2026-07-19,S003,P010,1,19.99,19.99
TX11093,2026-07-19,S003,P010,1,19.99,19.99
TX11094,2026-07-19,S003,P010,1,19.99,19.99
TX11095,2026-07-19,S003,P011,2,24.99,49.98
TX11096,2026-07-19,S003,P012,2,59.99,119.98
TX11097,2026-07-19,S003,P013,1,22.99,22.99
TX11098,2026-07-19,S003,P013,3,22.99,68.97
TX11099,2026-07-19,S003,P015,2,11.99,23.98
TX11100,2026-07-19,S004,P001,2,29.99,59.98
TX11101,2026-07-19,S004,P002,1,89.99,89.99
TX11102,2026-07-19,S004,P002,1,89.99,89.99
TX11103,2026-07-19,S004,P002,1,89.99,89.99
TX11104,2026-07-19,S004,P004,1,149.99,149.99
TX11105,2026-07-19,S004,P007,3,9.99,29.97
TX11106,2026-07-19,S004,P007,2,9.99,19.98
TX11107,2026-07-19,S004,P007,1,9.99,9.99
TX11108,2026-07-19,S004,P008,1,12.99,12.99
TX11109,2026-07-19,S004,P009,2,14.99,29.98
TX11110,2026-07-19,S004,P010,1,19.99,19.99
TX11111,2026-07-19,S004,P011,2,24.99,49.98
TX11112,2026-07-19,S004,P012,1,59.99,59.99
TX11113,2026-07-19,S004,P013,1,22.99,22.99
TX11114,2026-07-19,S004,P015,2,11.99,23.98
TX11115,2026-07-20,S001,P001,2,29.99,59.98
TX11116,2026-07-20,S001,P001,2,29.99,59.98
TX11117,2026-07-20,S001,P002,2,89.99,179.98
TX11118,2026-07-20,S001,P002,2,89.99,179.98
TX11119,2026-07-20,S001,P002,1,89.99,89.99
TX11120,2026-07-20,S001,P003,1,39.99,39.99
TX11121,2026-07-20,S001,P003,1,39.99,39.99
TX11122,2026-07-20,S001,P003,2,39.99,79.98
TX11123,2026-07-20,S001,P003,2,39.99,79.98
TX11124,2026-07-20,S001,P004,3,149.99,449.97
TX11125,2026-07-20,S001,P005,1,49.99,49.99
TX11126,2026-07-20,S001,P006,2,34.99,69.98
TX11127,2026-07-20,S001,P006,3,34.99,104.97
TX11128,2026-07-20,S001,P007,2,9.99,19.98
TX11129,2026-07-20,S001,P007,3,9.99,29.97
TX11130,2026-07-20,S001,P007,1,9.99,9.99
TX11131,2026-07-20,S001,P008,2,12.99,25.98
TX11132,2026-07-20,S001,P008,1,12.99,12.99
TX11133,2026-07-20,S001,P008,1,12.99,12.99
TX11134,2026-07-20,S001,P009,2,14.99,29.98
TX11135,2026-07-20,S001,P009,2,14.99,29.98
TX11136,2026-07-20,S001,P009,1,14.99,14.99
TX11137,2026-07-20,S001,P009,1,14.99,14.99
TX11138,2026-07-20,S001,P010,3,19.99,59.97
TX11139,2026-07-20,S001,P011,1,24.99,24.99
TX11140,2026-07-20,S001,P012,3,59.99,179.97
TX11141,2026-07-20,S001,P012,1,59.99,59.99
TX11142,2026-07-20,S001,P013,2,22.99,45.98
TX11143,2026-07-20,S001,P013,2,22.99,45.98
TX11144,2026-07-20,S001,P013,1,22.99,22.99
TX11145,2026-07-20,S001,P013,1,22.99,22.99
TX11146,2026-07-20,S001,P015,1,11.99,11.99
TX11147,2026-07-20,S002,P001,2,29.99,59.98
TX11148,2026-07-20,S002,P001,3,29.99,89.97
TX11149,2026-07-20,S002,P001,2,29.99,59.98
TX11150,2026-07-20,S002,P003,2,39.99,79.98
TX11151,2026-07-20,S002,P005,1,49.99,49.99
TX11152,2026-07-20,S002,P006,1,34.99,34.99
TX11153,2026-07-20,S002,P006,1,34.99,34.99
TX11154,2026-07-20,S002,P007,2,9.99,19.98
TX11155,2026-07-20,S002,P007,1,9.99,9.99
TX11156,2026-07-20,S002,P008,1,12.99,12.99
TX11157,2026-07-20,S002,P008,2,12.99,25.98
TX11158,2026-07-20,S002,P008,2,12.99,25.98
TX11159,2026-07-20,S002,P009,3,14.99,44.97
TX11160,2026-07-20,S002,P009,2,14.99,29.98
TX11161,2026-07-20,S002,P010,1,19.99,19.99
TX11162,2026-07-20,S002,P010,1,19.99,19.99
TX11163,2026-07-20,S002,P010,2,19.99,39.98
TX11164,2026-07-20,S002,P011,1,24.99,24.99
TX11165,2026-07-20,S002,P012,1,59.99,59.99
TX11166,2026-07-20,S002,P013,1,22.99,22.99
TX11167,2026-07-20,S002,P015,1,11.99,11.99
TX11168,2026-07-20,S003,P001,1,29.99,29.99
TX11169,2026-07-20,S003,P002,1,89.99,89.99
TX11170,2026-07-20,S003,P006,1,34.99,34.99
TX11171,2026-07-20,S003,P007,2,9.99,19.98
TX11172,2026-07-20,S003,P008,2,12.99,25.98
TX11173,2026-07-20,S003,P008,1,12.99,12.99
TX11174,2026-07-20,S003,P008,1,12.99,12.99
TX11175,2026-07-20,S003,P009,1,14.99,14.99
TX11176,2026-07-20,S003,P009,2,14.99,29.98
TX11177,2026-07-20,S003,P009,1,14.99,14.99
TX11178,2026-07-20,S003,P009,1,14.99,14.99
TX11179,2026-07-20,S003,P010,1,19.99,19.99
TX11180,2026-07-20,S003,P010,1,19.99,19.99
TX11181,2026-07-20,S003,P013,3,22.99,68.97
TX11182,2026-07-20,S004,P001,2,29.99,59.98
TX11183,2026-07-20,S004,P001,2,29.99,59.98
TX11184,2026-07-20,S004,P002,3,89.99,269.97
TX11185,2026-07-20,S004,P003,1,39.99,39.99
TX11186,2026-07-20,S004,P007,2,9.99,19.98
TX11187,2026-07-20,S004,P007,1,9.99,9.99
TX11188,2026-07-20,S004,P008,2,12.99,25.98
TX11189,2026-07-20,S004,P008,1,12.99,12.99
TX11190,2026-07-20,S004,P008,2,12.99,25.98
TX11191,2026-07-20,S004,P008,1,12.99,12.99
TX11192,2026-07-20,S004,P009,1,14.99,14.99
TX11193,2026-07-20,S004,P009,1,14.99,14.99
TX11194,2026-07-20,S004,P011,1,24.99,24.99
TX11195,2026-07-20,S004,P015,1,11.99,11.99
TX11196,2026-07-21,S001,P001,3,29.99,89.97
TX11197,2026-07-21,S001,P001,3,29.99,89.97
TX11198,2026-07-21,S001,P001,1,29.99,29.99
TX11199,2026-07-21,S001,P001,1,29.99,29.99
TX11200,2026-07-21,S001,P002,1,89.99,89.99
TX11201,2026-07-21,S001,P003,2,39.99,79.98
TX11202,2026-07-21,S001,P003,2,39.99,79.98
TX11203,2026-07-21,S001,P003,1,39.99,39.99
TX11204,2026-07-21,S001,P004,2,149.99,299.98
TX11205,2026-07-21,S001,P006,1,34.99,34.99
TX11206,2026-07-21,S001,P006,2,34.99,69.98
TX11207,2026-07-21,S001,P006,1,34.99,34.99
TX11208,2026-07-21,S001,P007,2,9.99,19.98
TX11209,2026-07-21,S001,P007,3,9.99,29.97
TX11210,2026-07-21,S001,P007,3,9.99,29.97
TX11211,2026-07-21,S001,P008,3,12.99,38.97
TX11212,2026-07-21,S001,P008,2,12.99,25.98
TX11213,2026-07-21,S001,P008,1,12.99,12.99
TX11214,2026-07-21,S001,P008,2,12.99,25.98
TX11215,2026-07-21,S001,P008,2,12.99,25.98
TX11216,2026-07-21,S001,P009,2,14.99,29.98
TX11217,2026-07-21,S001,P009,2,14.99,29.98
TX11218,2026-07-21,S001,P009,2,14.99,29.98
TX11219,2026-07-21,S001,P009,3,14.99,44.97
TX11220,2026-07-21,S001,P009,3,14.99,44.97
TX11221,2026-07-21,S001,P009,2,14.99,29.98
TX11222,2026-07-21,S001,P009,2,14.99,29.98
TX11223,2026-07-21,S001,P010,2,19.99,39.98
TX11224,2026-07-21,S001,P010,1,19.99,19.99
TX11225,2026-07-21,S001,P012,2,59.99,119.98
TX11226,2026-07-21,S001,P013,1,22.99,22.99
TX11227,2026-07-21,S001,P013,3,22.99,68.97
TX11228,2026-07-21,S001,P013,1,22.99,22.99
TX11229,2026-07-21,S002,P001,1,29.99,29.99
TX11230,2026-07-21,S002,P001,2,29.99,59.98
TX11231,2026-07-21,S002,P002,1,89.99,89.99
TX11232,2026-07-21,S002,P002,2,89.99,179.98
TX11233,2026-07-21,S002,P003,3,39.99,119.97
TX11234,2026-07-21,S002,P003,2,39.99,79.98
TX11235,2026-07-21,S002,P003,1,39.99,39.99
TX11236,2026-07-21,S002,P005,1,49.99,49.99
TX11237,2026-07-21,S002,P006,2,34.99,69.98
TX11238,2026-07-21,S002,P007,3,9.99,29.97
TX11239,2026-07-21,S002,P008,2,12.99,25.98
TX11240,2026-07-21,S002,P009,1,14.99,14.99
TX11241,2026-07-21,S002,P009,2,14.99,29.98
TX11242,2026-07-21,S002,P010,1,19.99,19.99
TX11243,2026-07-21,S002,P010,1,19.99,19.99
TX11244,2026-07-21,S002,P010,2,19.99,39.98
TX11245,2026-07-21,S002,P011,1,24.99,24.99
TX11246,2026-07-21,S002,P012,1,59.99,59.99
TX11247,2026-07-21,S002,P013,1,22.99,22.99
TX11248,2026-07-21,S002,P013,2,22.99,45.98
TX11249,2026-07-21,S002,P013,1,22.99,22.99
TX11250,2026-07-21,S002,P013,2,22.99,45.98
TX11251,2026-07-21,S002,P015,1,11.99,11.99
TX11252,2026-07-21,S003,P001,1,29.99,29.99
TX11253,2026-07-21,S003,P001,1,29.99,29.99
TX11254,2026-07-21,S003,P003,1,39.99,39.99
TX11255,2026-07-21,S003,P003,2,39.99,79.98
TX11256,2026-07-21,S003,P003,1,39.99,39.99
TX11257,2026-07-21,S003,P006,1,34.99,34.99
TX11258,2026-07-21,S003,P006,1,34.99,34.99
TX11259,2026-07-21,S003,P007,2,9.99,19.98
TX11260,2026-07-21,S003,P007,2,9.99,19.98
TX11261,2026-07-21,S003,P008,2,12.99,25.98
TX11262,2026-07-21,S003,P009,2,14.99,29.98
TX11263,2026-07-21,S003,P010,2,19.99,39.98
TX11264,2026-07-21,S003,P015,1,11.99,11.99
TX11265,2026-07-21,S004,P001,3,29.99,89.97
TX11266,2026-07-21,S004,P001,1,29.99,29.99
TX11267,2026-07-21,S004,P003,2,39.99,79.98
TX11268,2026-07-21,S004,P006,3,34.99,104.97
TX11269,2026-07-21,S004,P007,2,9.99,19.98
TX11270,2026-07-21,S004,P008,2,12.99,25.98
TX11271,2026-07-21,S004,P009,2,14.99,29.98
TX11272,2026-07-21,S004,P009,1,14.99,14.99
TX11273,2026-07-21,S004,P011,1,24.99,24.99
TX11274,2026-07-21,S004,P013,1,22.99,22.99
TX11275,2026-07-21,S004,P015,1,11.99,11.99
TX11276,2026-07-22,S001,P001,1,29.99,29.99
TX11277,2026-07-22,S001,P001,3,29.99,89.97
TX11278,2026-07-22,S001,P001,1,29.99,29.99
TX11279,2026-07-22,S001,P001,1,29.99,29.99
TX11280,2026-07-22,S001,P001,3,29.99,89.97
TX11281,2026-07-22,S001,P001,3,29.99,89.97
TX11282,2026-07-22,S001,P002,2,89.99,179.98
TX11283,2026-07-22,S001,P002,1,89.99,89.99
TX11284,2026-07-22,S001,P002,3,89.99,269.97
TX11285,2026-07-22,S001,P002,1,89.99,89.99
TX11286,2026-07-22,S001,P003,2,39.99,79.98
TX11287,2026-07-22,S001,P003,1,39.99,39.99
TX11288,2026-07-22,S001,P003,2,39.99,79.98
TX11289,2026-07-22,S001,P004,1,149.99,149.99
TX11290,2026-07-22,S001,P005,1,49.99,49.99
TX11291,2026-07-22,S001,P005,1,49.99,49.99
TX11292,2026-07-22,S001,P006,1,34.99,34.99
TX11293,2026-07-22,S001,P006,3,34.99,104.97
TX11294,2026-07-22,S001,P006,1,34.99,34.99
TX11295,2026-07-22,S001,P007,1,9.99,9.99
TX11296,2026-07-22,S001,P007,1,9.99,9.99
TX11297,2026-07-22,S001,P007,2,9.99,19.98
TX11298,2026-07-22,S001,P007,1,9.99,9.99
TX11299,2026-07-22,S001,P007,2,9.99,19.98
TX11300,2026-07-22,S001,P007,2,9.99,19.98
TX11301,2026-07-22,S001,P008,2,12.99,25.98
TX11302,2026-07-22,S001,P008,2,12.99,25.98
TX11303,2026-07-22,S001,P008,1,12.99,12.99
TX11304,2026-07-22,S001,P008,1,12.99,12.99
TX11305,2026-07-22,S001,P008,1,12.99,12.99
TX11306,2026-07-22,S001,P009,2,14.99,29.98
TX11307,2026-07-22,S001,P009,3,14.99,44.97
TX11308,2026-07-22,S001,P009,1,14.99,14.99
TX11309,2026-07-22,S001,P010,1,19.99,19.99
TX11310,2026-07-22,S001,P010,1,19.99,19.99
TX11311,2026-07-22,S001,P010,1,19.99,19.99
TX11312,2026-07-22,S001,P010,1,19.99,19.99
TX11313,2026-07-22,S001,P011,1,24.99,24.99
TX11314,2026-07-22,S001,P012,2,59.99,119.98
TX11315,2026-07-22,S001,P013,3,22.99,68.97
TX11316,2026-07-22,S001,P014,1,32.99,32.99
TX11317,2026-07-22,S001,P015,1,11.99,11.99
TX11318,2026-07-22,S001,P015,2,11.99,23.98
TX11319,2026-07-22,S002,P001,3,29.99,89.97
TX11320,2026-07-22,S002,P002,1,89.99,89.99
TX11321,2026-07-22,S002,P002,1,89.99,89.99
TX11322,2026-07-22,S002,P003,2,39.99,79.98
TX11323,2026-07-22,S002,P003,1,39.99,39.99
TX11324,2026-07-22,S002,P004,1,149.99,149.99
TX11325,2026-07-22,S002,P006,1,34.99,34.99
TX11326,2026-07-22,S002,P007,2,9.99,19.98
TX11327,2026-07-22,S002,P007,2,9.99,19.98
TX11328,2026-07-22,S002,P008,1,12.99,12.99
TX11329,2026-07-22,S002,P008,2,12.99,25.98
TX11330,2026-07-22,S002,P008,1,12.99,12.99
TX11331,2026-07-22,S002,P009,3,14.99,44.97
TX11332,2026-07-22,S002,P010,3,19.99,59.97
TX11333,2026-07-22,S002,P012,1,59.99,59.99
TX11334,2026-07-22,S002,P013,1,22.99,22.99
TX11335,2026-07-22,S002,P013,2,22.99,45.98
TX11336,2026-07-22,S002,P013,1,22.99,22.99
TX11337,2026-07-22,S002,P015,2,11.99,23.98
TX11338,2026-07-22,S003,P001,2,29.99,59.98
TX11339,2026-07-22,S003,P001,2,29.99,59.98
TX11340,2026-07-22,S003,P002,2,89.99,179.98
TX11341,2026-07-22,S003,P003,1,39.99,39.99
TX11342,2026-07-22,S003,P004,1,149.99,149.99
TX11343,2026-07-22,S003,P006,2,34.99,69.98
TX11344,2026-07-22,S003,P006,1,34.99,34.99
TX11345,2026-07-22,S003,P007,1,9.99,9.99
TX11346,2026-07-22,S003,P007,2,9.99,19.98
TX11347,2026-07-22,S003,P008,1,12.99,12.99
TX11348,2026-07-22,S003,P009,1,14.99,14.99
TX11349,2026-07-22,S003,P009,1,14.99,14.99
TX11350,2026-07-22,S003,P009,2,14.99,29.98
TX11351,2026-07-22,S003,P009,2,14.99,29.98
TX11352,2026-07-22,S003,P010,2,19.99,39.98
TX11353,2026-07-22,S003,P010,1,19.99,19.99
TX11354,2026-07-22,S003,P011,1,24.99,24.99
TX11355,2026-07-22,S003,P013,2,22.99,45.98
TX11356,2026-07-22,S004,P001,1,29.99,29.99
TX11357,2026-07-22,S004,P003,1,39.99,39.99
TX11358,2026-07-22,S004,P003,1,39.99,39.99
TX11359,2026-07-22,S004,P004,1,149.99,149.99
TX11360,2026-07-22,S004,P006,2,34.99,69.98
TX11361,2026-07-22,S004,P006,1,34.99,34.99
TX11362,2026-07-22,S004,P006,1,34.99,34.99
TX11363,2026-07-22,S004,P007,2,9.99,19.98
TX11364,2026-07-22,S004,P008,2,12.99,25.98
TX11365,2026-07-22,S004,P009,1,14.99,14.99
TX11366,2026-07-22,S004,P009,3,14.99,44.97
TX11367,2026-07-22,S004,P010,1,19.99,19.99
TX11368,2026-07-22,S004,P011,1,24.99,24.99
TX11369,2026-07-22,S004,P013,1,22.99,22.99
TX11370,2026-07-22,S004,P015,1,11.99,11.99
TX11371,2026-07-23,S001,P001,3,29.99,89.97
TX11372,2026-07-23,S001,P001,2,29.99,59.98
TX11373,2026-07-23,S001,P001,1,29.99,29.99
TX11374,2026-07-23,S001,P002,2,89.99,179.98
TX11375,2026-07-23,S001,P003,1,39.99,39.99
TX11376,2026-07-23,S001,P003,3,39.99,119.97
TX11377,2026-07-23,S001,P003,1,39.99,39.99
TX11378,2026-07-23,S001,P004,1,149.99,149.99
TX11379,2026-07-23,S001,P006,1,34.99,34.99
TX11380,2026-07-23,S001,P007,3,9.99,29.97
TX11381,2026-07-23,S001,P007,3,9.99,29.97
TX11382,2026-07-23,S001,P007,1,9.99,9.99
TX11383,2026-07-23,S001,P007,2,9.99,19.98
TX11384,2026-07-23,S001,P008,1,12.99,12.99
TX11385,2026-07-23,S001,P008,3,12.99,38.97
TX11386,2026-07-23,S001,P008,3,12.99,38.97
TX11387,2026-07-23,S001,P008,1,12.99,12.99
TX11388,2026-07-23,S001,P009,2,14.99,29.98
TX11389,2026-07-23,S001,P009,2,14.99,29.98
TX11390,2026-07-23,S001,P009,1,14.99,14.99
TX11391,2026-07-23,S001,P009,3,14.99,44.97
TX11392,2026-07-23,S001,P009,2,14.99,29.98
TX11393,2026-07-23,S001,P009,3,14.99,44.97
TX11394,2026-07-23,S001,P009,1,14.99,14.99
TX11395,2026-07-23,S001,P010,1,19.99,19.99
TX11396,2026-07-23,S001,P010,2,19.99,39.98
TX11397,2026-07-23,S001,P011,1,24.99,24.99
TX11398,2026-07-23,S001,P014,1,32.99,32.99
TX11399,2026-07-23,S001,P015,2,11.99,23.98
TX11400,2026-07-23,S002,P001,1,29.99,29.99
TX11401,2026-07-23,S002,P002,1,89.99,89.99
TX11402,2026-07-23,S002,P002,1,89.99,89.99
TX11403,2026-07-23,S002,P003,1,39.99,39.99
TX11404,2026-07-23,S002,P004,1,149.99,149.99
TX11405,2026-07-23,S002,P007,3,9.99,29.97
TX11406,2026-07-23,S002,P007,2,9.99,19.98
TX11407,2026-07-23,S002,P008,2,12.99,25.98
TX11408,2026-07-23,S002,P008,1,12.99,12.99
TX11409,2026-07-23,S002,P008,2,12.99,25.98
TX11410,2026-07-23,S002,P009,2,14.99,29.98
TX11411,2026-07-23,S002,P009,2,14.99,29.98
TX11412,2026-07-23,S002,P009,3,14.99,44.97
TX11413,2026-07-23,S002,P010,1,19.99,19.99
TX11414,2026-07-23,S002,P011,1,24.99,24.99
TX11415,2026-07-23,S002,P012,2,59.99,119.98
TX11416,2026-07-23,S002,P013,1,22.99,22.99
TX11417,2026-07-23,S002,P013,1,22.99,22.99
TX11418,2026-07-23,S002,P014,1,32.99,32.99
TX11419,2026-07-23,S002,P015,3,11.99,35.97
TX11420,2026-07-23,S003,P001,1,29.99,29.99
TX11421,2026-07-23,S003,P002,3,89.99,269.97
TX11422,2026-07-23,S003,P003,2,39.99,79.98
TX11423,2026-07-23,S003,P003,1,39.99,39.99
TX11424,2026-07-23,S003,P006,2,34.99,69.98
TX11425,2026-07-23,S003,P006,1,34.99,34.99
TX11426,2026-07-23,S003,P007,2,9.99,19.98
TX11427,2026-07-23,S003,P007,1,9.99,9.99
TX11428,2026-07-23,S003,P007,1,9.99,9.99
TX11429,2026-07-23,S003,P008,3,12.99,38.97
TX11430,2026-07-23,S003,P008,1,12.99,12.99
TX11431,2026-07-23,S003,P009,2,14.99,29.98
TX11432,2026-07-23,S003,P010,2,19.99,39.98
TX11433,2026-07-23,S003,P010,2,19.99,39.98
TX11434,2026-07-23,S003,P013,1,22.99,22.99
TX11435,2026-07-23,S003,P015,2,11.99,23.98
TX11436,2026-07-23,S004,P001,1,29.99,29.99
TX11437,2026-07-23,S004,P003,2,39.99,79.98
TX11438,2026-07-23,S004,P004,1,149.99,149.99
TX11439,2026-07-23,S004,P007,3,9.99,29.97
TX11440,2026-07-23,S004,P007,2,9.99,19.98
TX11441,2026-07-23,S004,P007,1,9.99,9.99
TX11442,2026-07-23,S004,P008,3,12.99,38.97
TX11443,2026-07-23,S004,P009,1,14.99,14.99
TX11444,2026-07-23,S004,P009,2,14.99,29.98
TX11445,2026-07-23,S004,P009,1,14.99,14.99
TX11446,2026-07-23,S004,P009,1,14.99,14.99
TX11447,2026-07-23,S004,P010,3,19.99,59.97
TX11448,2026-07-23,S004,P013,1,22.99,22.99
TX11449,2026-07-24,S001,P001,3,29.99,89.97
TX11450,2026-07-24,S001,P001,1,29.99,29.99
TX11451,2026-07-24,S001,P001,2,29.99,59.98
TX11452,2026-07-24,S001,P002,1,89.99,89.99
TX11453,2026-07-24,S001,P002,3,89.99,269.97
TX11454,2026-07-24,S001,P002,1,89.99,89.99
TX11455,2026-07-24,S001,P003,3,39.99,119.97
TX11456,2026-07-24,S001,P003,2,39.99,79.98
TX11457,2026-07-24,S001,P005,1,49.99,49.99
TX11458,2026-07-24,S001,P006,2,34.99,69.98
TX11459,2026-07-24,S001,P006,1,34.99,34.99
TX11460,2026-07-24,S001,P006,1,34.99,34.99
TX11461,2026-07-24,S001,P006,1,34.99,34.99
TX11462,2026-07-24,S001,P007,1,9.99,9.99
TX11463,2026-07-24,S001,P007,2,9.99,19.98
TX11464,2026-07-24,S001,P007,2,9.99,19.98
TX11465,2026-07-24,S001,P008,1,12.99,12.99
TX11466,2026-07-24,S001,P008,1,12.99,12.99
TX11467,2026-07-24,S001,P008,1,12.99,12.99
TX11468,2026-07-24,S001,P009,3,14.99,44.97
TX11469,2026-07-24,S001,P009,1,14.99,14.99
TX11470,2026-07-24,S001,P009,2,14.99,29.98
TX11471,2026-07-24,S001,P009,2,14.99,29.98
TX11472,2026-07-24,S001,P009,2,14.99,29.98
TX11473,2026-07-24,S001,P009,2,14.99,29.98
TX11474,2026-07-24,S001,P010,1,19.99,19.99
TX11475,2026-07-24,S001,P011,3,24.99,74.97
TX11476,2026-07-24,S001,P011,3,24.99,74.97
TX11477,2026-07-24,S001,P013,2,22.99,45.98
TX11478,2026-07-24,S001,P015,3,11.99,35.97
TX11479,2026-07-24,S001,P015,1,11.99,11.99
TX11480,2026-07-24,S002,P002,3,89.99,269.97
TX11481,2026-07-24,S002,P003,1,39.99,39.99
TX11482,2026-07-24,S002,P003,2,39.99,79.98
TX11483,2026-07-24,S002,P003,3,39.99,119.97
TX11484,2026-07-24,S002,P004,1,149.99,149.99
TX11485,2026-07-24,S002,P004,1,149.99,149.99
TX11486,2026-07-24,S002,P006,1,34.99,34.99
TX11487,2026-07-24,S002,P007,2,9.99,19.98
TX11488,2026-07-24,S002,P007,2,9.99,19.98
TX11489,2026-07-24,S002,P007,1,9.99,9.99
TX11490,2026-07-24,S002,P007,3,9.99,29.97
TX11491,2026-07-24,S002,P007,2,9.99,19.98
TX11492,2026-07-24,S002,P007,1,9.99,9.99
TX11493,2026-07-24,S002,P008,1,12.99,12.99
TX11494,2026-07-24,S002,P009,2,14.99,29.98
TX11495,2026-07-24,S002,P009,1,14.99,14.99
TX11496,2026-07-24,S002,P009,2,14.99,29.98
TX11497,2026-07-24,S002,P009,1,14.99,14.99
TX11498,2026-07-24,S002,P009,3,14.99,44.97
TX11499,2026-07-24,S002,P010,2,19.99,39.98
TX11500,2026-07-24,S002,P012,1,59.99,59.99
TX11501,2026-07-24,S002,P013,3,22.99,68.97
TX11502,2026-07-24,S002,P014,1,32.99,32.99
TX11503,2026-07-24,S002,P015,1,11.99,11.99
TX11504,2026-07-24,S002,P015,2,11.99,23.98
TX11505,2026-07-24,S002,P015,2,11.99,23.98
TX11506,2026-07-24,S003,P001,1,29.99,29.99
TX11507,2026-07-24,S003,P001,1,29.99,29.99
TX11508,2026-07-24,S003,P003,2,39.99,79.98
TX11509,2026-07-24,S003,P003,1,39.99,39.99
TX11510,2026-07-24,S003,P006,1,34.99,34.99
TX11511,2026-07-24,S003,P007,1,9.99,9.99
TX11512,2026-07-24,S003,P007,3,9.99,29.97
TX11513,2026-07-24,S003,P007,3,9.99,29.97
TX11514,2026-07-24,S003,P008,3,12.99,38.97
TX11515,2026-07-24,S003,P008,1,12.99,12.99
TX11516,2026-07-24,S003,P009,1,14.99,14.99
TX11517,2026-07-24,S003,P009,2,14.99,29.98
TX11518,2026-07-24,S003,P009,1,14.99,14.99
TX11519,2026-07-24,S003,P009,1,14.99,14.99
TX11520,2026-07-24,S003,P010,1,19.99,19.99
TX11521,2026-07-24,S003,P011,1,24.99,24.99
TX11522,2026-07-24,S003,P011,1,24.99,24.99
TX11523,2026-07-24,S003,P011,2,24.99,49.98
TX11524,2026-07-24,S004,P001,1,29.99,29.99
TX11525,2026-07-24,S004,P006,2,34.99,69.98
TX11526,2026-07-24,S004,P007,1,9.99,9.99
TX11527,2026-07-24,S004,P007,1,9.99,9.99
TX11528,2026-07-24,S004,P008,1,12.99,12.99
TX11529,2026-07-24,S004,P009,1,14.99,14.99
TX11530,2026-07-24,S004,P010,1,19.99,19.99
TX11531,2026-07-24,S004,P013,1,22.99,22.99
TX11532,2026-07-24,S004,P015,1,11.99,11.99
TX11533,2026-07-25,S001,P001,1,29.99,29.99
TX11534,2026-07-25,S001,P001,1,29.99,29.99
TX11535,2026-07-25,S001,P001,3,29.99,89.97
TX11536,2026-07-25,S001,P002,2,89.99,179.98
TX11537,2026-07-25,S001,P003,1,39.99,39.99
TX11538,2026-07-25,S001,P003,1,39.99,39.99
TX11539,2026-07-25,S001,P003,1,39.99,39.99
TX11540,2026-07-25,S001,P004,1,149.99,149.99
TX11541,2026-07-25,S001,P005,1,49.99,49.99
TX11542,2026-07-25,S001,P006,1,34.99,34.99
TX11543,2026-07-25,S001,P006,2,34.99,69.98
TX11544,2026-07-25,S001,P006,1,34.99,34.99
TX11545,2026-07-25,S001,P007,3,9.99,29.97
TX11546,2026-07-25,S001,P007,2,9.99,19.98
TX11547,2026-07-25,S001,P007,1,9.99,9.99
TX11548,2026-07-25,S001,P007,1,9.99,9.99
TX11549,2026-07-25,S001,P007,2,9.99,19.98
TX11550,2026-07-25,S001,P007,1,9.99,9.99
TX11551,2026-07-25,S001,P007,1,9.99,9.99
TX11552,2026-07-25,S001,P007,3,9.99,29.97
TX11553,2026-07-25,S001,P008,2,12.99,25.98
TX11554,2026-07-25,S001,P008,3,12.99,38.97
TX11555,2026-07-25,S001,P008,1,12.99,12.99
TX11556,2026-07-25,S001,P009,3,14.99,44.97
TX11557,2026-07-25,S001,P009,1,14.99,14.99
TX11558,2026-07-25,S001,P009,2,14.99,29.98
TX11559,2026-07-25,S001,P009,2,14.99,29.98
TX11560,2026-07-25,S001,P009,2,14.99,29.98
TX11561,2026-07-25,S001,P010,3,19.99,59.97
TX11562,2026-07-25,S001,P011,2,24.99,49.98
TX11563,2026-07-25,S001,P012,1,59.99,59.99
TX11564,2026-07-25,S001,P012,2,59.99,119.98
TX11565,2026-07-25,S001,P013,3,22.99,68.97
TX11566,2026-07-25,S001,P013,1,22.99,22.99
TX11567,2026-07-25,S001,P014,2,32.99,65.98
TX11568,2026-07-25,S001,P015,1,11.99,11.99
TX11569,2026-07-25,S001,P015,1,11.99,11.99
TX11570,2026-07-25,S002,P001,3,29.99,89.97
TX11571,2026-07-25,S002,P002,3,89.99,269.97
TX11572,2026-07-25,S002,P002,1,89.99,89.99
TX11573,2026-07-25,S002,P003,2,39.99,79.98
TX11574,2026-07-25,S002,P004,2,149.99,299.98
TX11575,2026-07-25,S002,P006,1,34.99,34.99
TX11576,2026-07-25,S002,P007,1,9.99,9.99
TX11577,2026-07-25,S002,P007,2,9.99,19.98
TX11578,2026-07-25,S002,P007,2,9.99,19.98
TX11579,2026-07-25,S002,P007,1,9.99,9.99
TX11580,2026-07-25,S002,P008,3,12.99,38.97
TX11581,2026-07-25,S002,P008,1,12.99,12.99
TX11582,2026-07-25,S002,P008,1,12.99,12.99
TX11583,2026-07-25,S002,P009,2,14.99,29.98
TX11584,2026-07-25,S002,P010,2,19.99,39.98
TX11585,2026-07-25,S002,P010,1,19.99,19.99
TX11586,2026-07-25,S002,P010,1,19.99,19.99
TX11587,2026-07-25,S002,P013,2,22.99,45.98
TX11588,2026-07-25,S002,P013,1,22.99,22.99
TX11589,2026-07-25,S002,P015,1,11.99,11.99
TX11590,2026-07-25,S003,P001,1,29.99,29.99
TX11591,2026-07-25,S003,P003,1,39.99,39.99
TX11592,2026-07-25,S003,P003,1,39.99,39.99
TX11593,2026-07-25,S003,P005,1,49.99,49.99
TX11594,2026-07-25,S003,P006,1,34.99,34.99
TX11595,2026-07-25,S003,P007,3,9.99,29.97
TX11596,2026-07-25,S003,P007,2,9.99,19.98
TX11597,2026-07-25,S003,P009,1,14.99,14.99
TX11598,2026-07-25,S003,P010,2,19.99,39.98
TX11599,2026-07-25,S003,P013,2,22.99,45.98
TX11600,2026-07-25,S003,P013,2,22.99,45.98
TX11601,2026-07-25,S003,P015,3,11.99,35.97
TX11602,2026-07-25,S004,P001,2,29.99,59.98
TX11603,2026-07-25,S004,P002,1,89.99,89.99
TX11604,2026-07-25,S004,P003,3,39.99,119.97
TX11605,2026-07-25,S004,P003,1,39.99,39.99
TX11606,2026-07-25,S004,P007,1,9.99,9.99
TX11607,2026-07-25,S004,P008,1,12.99,12.99
TX11608,2026-07-25,S004,P008,1,12.99,12.99
TX11609,2026-07-25,S004,P009,1,14.99,14.99
TX11610,2026-07-25,S004,P009,1,14.99,14.99
TX11611,2026-07-25,S004,P015,1,11.99,11.99
TX11612,2026-07-26,S001,P001,3,29.99,89.97
TX11613,2026-07-26,S001,P001,3,29.99,89.97
TX11614,2026-07-26,S001,P001,1,29.99,29.99
TX11615,2026-07-26,S001,P001,2,29.99,59.98
TX11616,2026-07-26,S001,P003,2,39.99,79.98
TX11617,2026-07-26,S001,P003,1,39.99,39.99
TX11618,2026-07-26,S001,P003,2,39.99,79.98
TX11619,2026-07-26,S001,P003,2,39.99,79.98
TX11620,2026-07-26,S001,P004,1,149.99,149.99
TX11621,2026-07-26,S001,P006,2,34.99,69.98
TX11622,2026-07-26,S001,P007,2,9.99,19.98
TX11623,2026-07-26,S001,P007,3,9.99,29.97
TX11624,2026-07-26,S001,P007,1,9.99,9.99
TX11625,2026-07-26,S001,P007,2,9.99,19.98
TX11626,2026-07-26,S001,P007,1,9.99,9.99
TX11627,2026-07-26,S001,P008,2,12.99,25.98
TX11628,2026-07-26,S001,P008,3,12.99,38.97
TX11629,2026-07-26,S001,P008,2,12.99,25.98
TX11630,2026-07-26,S001,P008,1,12.99,12.99
TX11631,2026-07-26,S001,P009,1,14.99,14.99
TX11632,2026-07-26,S001,P009,3,14.99,44.97
TX11633,2026-07-26,S001,P009,2,14.99,29.98
TX11634,2026-07-26,S001,P009,1,14.99,14.99
TX11635,2026-07-26,S001,P010,1,19.99,19.99
TX11636,2026-07-26,S001,P010,1,19.99,19.99
TX11637,2026-07-26,S001,P010,1,19.99,19.99
TX11638,2026-07-26,S001,P010,1,19.99,19.99
TX11639,2026-07-26,S001,P012,1,59.99,59.99
TX11640,2026-07-26,S001,P012,1,59.99,59.99
TX11641,2026-07-26,S001,P013,3,22.99,68.97
TX11642,2026-07-26,S001,P015,2,11.99,23.98
TX11643,2026-07-26,S001,P015,1,11.99,11.99
TX11644,2026-07-26,S001,P015,3,11.99,35.97
TX11645,2026-07-26,S002,P001,1,29.99,29.99
TX11646,2026-07-26,S002,P001,1,29.99,29.99
TX11647,2026-07-26,S002,P002,2,89.99,179.98
TX11648,2026-07-26,S002,P003,3,39.99,119.97
TX11649,2026-07-26,S002,P004,2,149.99,299.98
TX11650,2026-07-26,S002,P006,2,34.99,69.98
TX11651,2026-07-26,S002,P007,1,9.99,9.99
TX11652,2026-07-26,S002,P007,2,9.99,19.98
TX11653,2026-07-26,S002,P008,2,12.99,25.98
TX11654,2026-07-26,S002,P008,3,12.99,38.97
TX11655,2026-07-26,S002,P009,2,14.99,29.98
TX11656,2026-07-26,S002,P009,3,14.99,44.97
TX11657,2026-07-26,S002,P009,1,14.99,14.99
TX11658,2026-07-26,S002,P009,1,14.99,14.99
TX11659,2026-07-26,S002,P010,2,19.99,39.98
TX11660,2026-07-26,S002,P011,2,24.99,49.98
TX11661,2026-07-26,S002,P011,1,24.99,24.99
TX11662,2026-07-26,S002,P013,1,22.99,22.99
TX11663,2026-07-26,S002,P013,1,22.99,22.99
TX11664,2026-07-26,S002,P014,1,32.99,32.99
TX11665,2026-07-26,S003,P001,1,29.99,29.99
TX11666,2026-07-26,S003,P001,1,29.99,29.99
TX11667,2026-07-26,S003,P001,3,29.99,89.97
TX11668,2026-07-26,S003,P002,1,89.99,89.99
TX11669,2026-07-26,S003,P006,1,34.99,34.99
TX11670,2026-07-26,S003,P006,1,34.99,34.99
TX11671,2026-07-26,S003,P007,2,9.99,19.98
TX11672,2026-07-26,S003,P008,1,12.99,12.99
TX11673,2026-07-26,S003,P009,2,14.99,29.98
TX11674,2026-07-26,S003,P009,1,14.99,14.99
TX11675,2026-07-26,S003,P009,1,14.99,14.99
TX11676,2026-07-26,S003,P010,3,19.99,59.97
TX11677,2026-07-26,S003,P011,1,24.99,24.99
TX11678,2026-07-26,S003,P011,2,24.99,49.98
TX11679,2026-07-26,S003,P011,1,24.99,24.99
TX11680,2026-07-26,S003,P013,3,22.99,68.97
TX11681,2026-07-26,S003,P013,1,22.99,22.99
TX11682,2026-07-26,S003,P014,1,32.99,32.99
TX11683,2026-07-26,S003,P015,3,11.99,35.97
TX11684,2026-07-26,S004,P001,2,29.99,59.98
TX11685,2026-07-26,S004,P002,1,89.99,89.99
TX11686,2026-07-26,S004,P003,1,39.99,39.99
TX11687,2026-07-26,S004,P007,1,9.99,9.99
TX11688,2026-07-26,S004,P008,3,12.99,38.97
TX11689,2026-07-26,S004,P008,1,12.99,12.99
TX11690,2026-07-26,S004,P009,1,14.99,14.99
TX11691,2026-07-26,S004,P009,1,14.99,14.99
TX11692,2026-07-26,S004,P009,2,14.99,29.98
TX11693,2026-07-26,S004,P009,1,14.99,14.99
TX11694,2026-07-26,S004,P010,1,19.99,19.99
TX11695,2026-07-26,S004,P011,1,24.99,24.99
TX11696,2026-07-27,S001,P001,2,29.99,59.98
TX11697,2026-07-27,S001,P001,1,29.99,29.99
TX11698,2026-07-27,S001,P001,1,29.99,29.99
TX11699,2026-07-27,S001,P001,1,29.99,29.99
TX11700,2026-07-27,S001,P001,1,29.99,29.99
TX11701,2026-07-27,S001,P002,3,89.99,269.97
TX11702,2026-07-27,S001,P003,2,39.99,79.98
TX11703,2026-07-27,S001,P004,1,149.99,149.99
TX11704,2026-07-27,S001,P004,1,149.99,149.99
TX11705,2026-07-27,S001,P007,3,9.99,29.97
TX11706,2026-07-27,S001,P007,3,9.99,29.97
TX11707,2026-07-27,S001,P007,1,9.99,9.99
TX11708,2026-07-27,S001,P007,1,9.99,9.99
TX11709,2026-07-27,S001,P008,3,12.99,38.97
TX11710,2026-07-27,S001,P009,3,14.99,44.97
TX11711,2026-07-27,S001,P010,1,19.99,19.99
TX11712,2026-07-27,S001,P010,2,19.99,39.98
TX11713,2026-07-27,S001,P010,2,19.99,39.98
TX11714,2026-07-27,S001,P010,1,19.99,19.99
TX11715,2026-07-27,S001,P011,2,24.99,49.98
TX11716,2026-07-27,S001,P011,1,24.99,24.99
TX11717,2026-07-27,S001,P012,2,59.99,119.98
TX11718,2026-07-27,S001,P012,1,59.99,59.99
TX11719,2026-07-27,S001,P013,3,22.99,68.97
TX11720,2026-07-27,S001,P013,2,22.99,45.98
TX11721,2026-07-27,S001,P014,1,32.99,32.99
TX11722,2026-07-27,S001,P015,2,11.99,23.98
TX11723,2026-07-27,S002,P001,1,29.99,29.99
TX11724,2026-07-27,S002,P001,1,29.99,29.99
TX11725,2026-07-27,S002,P001,1,29.99,29.99
TX11726,2026-07-27,S002,P001,1,29.99,29.99
TX11727,2026-07-27,S002,P003,3,39.99,119.97
TX11728,2026-07-27,S002,P006,1,34.99,34.99
TX11729,2026-07-27,S002,P007,2,9.99,19.98
TX11730,2026-07-27,S002,P008,1,12.99,12.99
TX11731,2026-07-27,S002,P008,2,12.99,25.98
TX11732,2026-07-27,S002,P009,2,14.99,29.98
TX11733,2026-07-27,S002,P009,3,14.99,44.97
TX11734,2026-07-27,S002,P009,1,14.99,14.99
TX11735,2026-07-27,S002,P010,2,19.99,39.98
TX11736,2026-07-27,S002,P010,3,19.99,59.97
TX11737,2026-07-27,S002,P011,1,24.99,24.99
TX11738,2026-07-27,S002,P012,1,59.99,59.99
TX11739,2026-07-27,S002,P013,2,22.99,45.98
TX11740,2026-07-27,S002,P014,1,32.99,32.99
TX11741,2026-07-27,S002,P014,2,32.99,65.98
TX11742,2026-07-27,S002,P015,1,11.99,11.99
TX11743,2026-07-27,S002,P015,2,11.99,23.98
TX11744,2026-07-27,S003,P001,2,29.99,59.98
TX11745,2026-07-27,S003,P001,1,29.99,29.99
TX11746,2026-07-27,S003,P002,2,89.99,179.98
TX11747,2026-07-27,S003,P003,3,39.99,119.97
TX11748,2026-07-27,S003,P003,2,39.99,79.98
TX11749,2026-07-27,S003,P004,1,149.99,149.99
TX11750,2026-07-27,S003,P005,2,49.99,99.98
TX11751,2026-07-27,S003,P007,3,9.99,29.97
TX11752,2026-07-27,S003,P008,2,12.99,25.98
TX11753,2026-07-27,S003,P009,2,14.99,29.98
TX11754,2026-07-27,S003,P009,1,14.99,14.99
TX11755,2026-07-27,S003,P009,1,14.99,14.99
TX11756,2026-07-27,S003,P009,2,14.99,29.98
TX11757,2026-07-27,S003,P009,1,14.99,14.99
TX11758,2026-07-27,S003,P010,1,19.99,19.99
TX11759,2026-07-27,S003,P010,1,19.99,19.99
TX11760,2026-07-27,S003,P011,1,24.99,24.99
TX11761,2026-07-27,S003,P012,2,59.99,119.98
TX11762,2026-07-27,S003,P015,1,11.99,11.99
TX11763,2026-07-27,S003,P015,1,11.99,11.99
TX11764,2026-07-27,S004,P001,2,29.99,59.98
TX11765,2026-07-27,S004,P002,1,89.99,89.99
TX11766,2026-07-27,S004,P003,1,39.99,39.99
TX11767,2026-07-27,S004,P007,1,9.99,9.99
TX11768,2026-07-27,S004,P007,1,9.99,9.99
TX11769,2026-07-27,S004,P007,1,9.99,9.99
TX11770,2026-07-27,S004,P008,1,12.99,12.99
TX11771,2026-07-27,S004,P009,1,14.99,14.99
TX11772,2026-07-27,S004,P010,1,19.99,19.99
TX11773,2026-07-27,S004,P010,1,19.99,19.99
TX11774,2026-07-28,S001,P001,2,29.99,59.98
TX11775,2026-07-28,S001,P001,3,29.99,89.97
TX11776,2026-07-28,S001,P001,3,29.99,89.97
TX11777,2026-07-28,S001,P001,1,29.99,29.99
TX11778,2026-07-28,S001,P001,3,29.99,89.97
TX11779,2026-07-28,S001,P003,3,39.99,119.97
TX11780,2026-07-28,S001,P003,2,39.99,79.98
TX11781,2026-07-28,S001,P004,2,149.99,299.98
TX11782,2026-07-28,S001,P006,1,34.99,34.99
TX11783,2026-07-28,S001,P007,2,9.99,19.98
TX11784,2026-07-28,S001,P007,3,9.99,29.97
TX11785,2026-07-28,S001,P007,1,9.99,9.99
TX11786,2026-07-28,S001,P007,2,9.99,19.98
TX11787,2026-07-28,S001,P009,1,14.99,14.99
TX11788,2026-07-28,S001,P009,2,14.99,29.98
TX11789,2026-07-28,S001,P009,1,14.99,14.99
TX11790,2026-07-28,S001,P009,2,14.99,29.98
TX11791,2026-07-28,S001,P009,2,14.99,29.98
TX11792,2026-07-28,S001,P010,2,19.99,39.98
TX11793,2026-07-28,S001,P011,2,24.99,49.98
TX11794,2026-07-28,S001,P013,2,22.99,45.98
TX11795,2026-07-28,S001,P014,1,32.99,32.99
TX11796,2026-07-28,S001,P015,3,11.99,35.97
TX11797,2026-07-28,S001,P015,2,11.99,23.98
TX11798,2026-07-28,S001,P015,1,11.99,11.99
TX11799,2026-07-28,S002,P001,1,29.99,29.99
TX11800,2026-07-28,S002,P001,2,29.99,59.98
TX11801,2026-07-28,S002,P001,1,29.99,29.99
TX11802,2026-07-28,S002,P002,1,89.99,89.99
TX11803,2026-07-28,S002,P003,1,39.99,39.99
TX11804,2026-07-28,S002,P003,3,39.99,119.97
TX11805,2026-07-28,S002,P003,2,39.99,79.98
TX11806,2026-07-28,S002,P003,1,39.99,39.99
TX11807,2026-07-28,S002,P006,1,34.99,34.99
TX11808,2026-07-28,S002,P007,1,9.99,9.99
TX11809,2026-07-28,S002,P007,2,9.99,19.98
TX11810,2026-07-28,S002,P007,1,9.99,9.99
TX11811,2026-07-28,S002,P007,1,9.99,9.99
TX11812,2026-07-28,S002,P008,2,12.99,25.98
TX11813,2026-07-28,S002,P008,1,12.99,12.99
TX11814,2026-07-28,S002,P009,2,14.99,29.98
TX11815,2026-07-28,S002,P010,2,19.99,39.98
TX11816,2026-07-28,S002,P011,1,24.99,24.99
TX11817,2026-07-28,S002,P012,2,59.99,119.98
TX11818,2026-07-28,S002,P013,2,22.99,45.98
TX11819,2026-07-28,S002,P013,3,22.99,68.97
TX11820,2026-07-28,S002,P013,1,22.99,22.99
TX11821,2026-07-28,S002,P015,1,11.99,11.99
TX11822,2026-07-28,S003,P001,2,29.99,59.98
TX11823,2026-07-28,S003,P001,1,29.99,29.99
TX11824,2026-07-28,S003,P001,1,29.99,29.99
TX11825,2026-07-28,S003,P002,1,89.99,89.99
TX11826,2026-07-28,S003,P003,3,39.99,119.97
TX11827,2026-07-28,S003,P006,1,34.99,34.99
TX11828,2026-07-28,S003,P007,3,9.99,29.97
TX11829,2026-07-28,S003,P008,2,12.99,25.98
TX11830,2026-07-28,S003,P009,1,14.99,14.99
TX11831,2026-07-28,S003,P009,2,14.99,29.98
TX11832,2026-07-28,S003,P010,2,19.99,39.98
TX11833,2026-07-28,S003,P011,1,24.99,24.99
TX11834,2026-07-28,S003,P012,1,59.99,59.99
TX11835,2026-07-28,S003,P013,1,22.99,22.99
TX11836,2026-07-28,S003,P013,1,22.99,22.99
TX11837,2026-07-28,S003,P013,1,22.99,22.99
TX11838,2026-07-28,S003,P015,1,11.99,11.99
TX11839,2026-07-28,S003,P015,2,11.99,23.98
TX11840,2026-07-28,S003,P015,1,11.99,11.99
TX11841,2026-07-28,S004,P001,1,29.99,29.99
TX11842,2026-07-28,S004,P001,2,29.99,59.98
TX11843,2026-07-28,S004,P006,1,34.99,34.99
TX11844,2026-07-28,S004,P008,3,12.99,38.97
TX11845,2026-07-28,S004,P009,1,14.99,14.99
TX11846,2026-07-28,S004,P009,1,14.99,14.99
TX11847,2026-07-28,S004,P009,1,14.99,14.99
TX11848,2026-07-28,S004,P010,2,19.99,39.98
TX11849,2026-07-28,S004,P015,1,11.99,11.99
TX11850,2026-07-29,S001,P001,3,29.99,89.97
TX11851,2026-07-29,S001,P001,3,29.99,89.97
TX11852,2026-07-29,S001,P001,2,29.99,59.98
TX11853,2026-07-29,S001,P001,3,29.99,89.97
TX11854,2026-07-29,S001,P002,3,89.99,269.97
TX11855,2026-07-29,S001,P002,1,89.99,89.99
TX11856,2026-07-29,S001,P003,3,39.99,119.97
TX11857,2026-07-29,S001,P003,3,39.99,119.97
TX11858,2026-07-29,S001,P003,2,39.99,79.98
TX11859,2026-07-29,S001,P004,1,149.99,149.99
TX11860,2026-07-29,S001,P005,1,49.99,49.99
TX11861,2026-07-29,S001,P006,1,34.99,34.99
TX11862,2026-07-29,S001,P006,1,34.99,34.99
TX11863,2026-07-29,S001,P007,1,9.99,9.99
TX11864,2026-07-29,S001,P007,2,9.99,19.98
TX11865,2026-07-29,S001,P007,2,9.99,19.98
TX11866,2026-07-29,S001,P007,2,9.99,19.98
TX11867,2026-07-29,S001,P008,2,12.99,25.98
TX11868,2026-07-29,S001,P008,2,12.99,25.98
TX11869,2026-07-29,S001,P008,3,12.99,38.97
TX11870,2026-07-29,S001,P008,1,12.99,12.99
TX11871,2026-07-29,S001,P008,2,12.99,25.98
TX11872,2026-07-29,S001,P008,2,12.99,25.98
TX11873,2026-07-29,S001,P009,1,14.99,14.99
TX11874,2026-07-29,S001,P009,2,14.99,29.98
TX11875,2026-07-29,S001,P009,2,14.99,29.98
TX11876,2026-07-29,S001,P009,2,14.99,29.98
TX11877,2026-07-29,S001,P009,1,14.99,14.99
TX11878,2026-07-29,S001,P009,1,14.99,14.99
TX11879,2026-07-29,S001,P010,2,19.99,39.98
TX11880,2026-07-29,S001,P010,1,19.99,19.99
TX11881,2026-07-29,S001,P011,1,24.99,24.99
TX11882,2026-07-29,S001,P012,1,59.99,59.99
TX11883,2026-07-29,S001,P013,1,22.99,22.99
TX11884,2026-07-29,S001,P013,3,22.99,68.97
TX11885,2026-07-29,S001,P013,1,22.99,22.99
TX11886,2026-07-29,S001,P015,1,11.99,11.99
TX11887,2026-07-29,S002,P001,2,29.99,59.98
TX11888,2026-07-29,S002,P001,2,29.99,59.98
TX11889,2026-07-29,S002,P001,1,29.99,29.99
TX11890,2026-07-29,S002,P006,1,34.99,34.99
TX11891,2026-07-29,S002,P007,3,9.99,29.97
TX11892,2026-07-29,S002,P007,1,9.99,9.99
TX11893,2026-07-29,S002,P008,1,12.99,12.99
TX11894,2026-07-29,S002,P009,3,14.99,44.97
TX11895,2026-07-29,S002,P009,3,14.99,44.97
TX11896,2026-07-29,S002,P009,1,14.99,14.99
TX11897,2026-07-29,S002,P010,1,19.99,19.99
TX11898,2026-07-29,S002,P012,2,59.99,119.98
TX11899,2026-07-29,S002,P013,2,22.99,45.98
TX11900,2026-07-29,S002,P015,1,11.99,11.99
TX11901,2026-07-29,S003,P001,1,29.99,29.99
TX11902,2026-07-29,S003,P001,1,29.99,29.99
TX11903,2026-07-29,S003,P001,2,29.99,59.98
TX11904,2026-07-29,S003,P001,1,29.99,29.99
TX11905,2026-07-29,S003,P003,2,39.99,79.98
TX11906,2026-07-29,S003,P004,1,149.99,149.99
TX11907,2026-07-29,S003,P005,1,49.99,49.99
TX11908,2026-07-29,S003,P006,1,34.99,34.99
TX11909,2026-07-29,S003,P007,3,9.99,29.97
TX11910,2026-07-29,S003,P007,1,9.99,9.99
TX11911,2026-07-29,S003,P007,1,9.99,9.99
TX11912,2026-07-29,S003,P007,1,9.99,9.99
TX11913,2026-07-29,S003,P008,2,12.99,25.98
TX11914,2026-07-29,S003,P009,2,14.99,29.98
TX11915,2026-07-29,S003,P009,2,14.99,29.98
TX11916,2026-07-29,S003,P009,3,14.99,44.97
TX11917,2026-07-29,S003,P009,1,14.99,14.99
TX11918,2026-07-29,S003,P010,1,19.99,19.99
TX11919,2026-07-29,S003,P011,1,24.99,24.99
TX11920,2026-07-29,S003,P013,2,22.99,45.98
TX11921,2026-07-29,S003,P015,1,11.99,11.99
TX11922,2026-07-29,S004,P001,2,29.99,59.98
TX11923,2026-07-29,S004,P002,2,89.99,179.98
TX11924,2026-07-29,S004,P003,1,39.99,39.99
TX11925,2026-07-29,S004,P007,2,9.99,19.98
TX11926,2026-07-29,S004,P008,2,12.99,25.98
TX11927,2026-07-29,S004,P009,2,14.99,29.98
TX11928,2026-07-29,S004,P010,1,19.99,19.99
TX11929,2026-07-29,S004,P011,1,24.99,24.99
TX11930,2026-07-29,S004,P013,3,22.99,68.97
TX11931,2026-07-30,S001,P001,2,29.99,59.98
TX11932,2026-07-30,S001,P001,1,29.99,29.99
TX11933,2026-07-30,S001,P001,2,29.99,59.98
TX11934,2026-07-30,S001,P002,1,89.99,89.99
TX11935,2026-07-30,S001,P002,2,89.99,179.98
TX11936,2026-07-30,S001,P003,3,39.99,119.97
TX11937,2026-07-30,S001,P003,1,39.99,39.99
TX11938,2026-07-30,S001,P004,2,149.99,299.98
TX11939,2026-07-30,S001,P006,2,34.99,69.98
TX11940,2026-07-30,S001,P007,3,9.99,29.97
TX11941,2026-07-30,S001,P007,3,9.99,29.97
TX11942,2026-07-30,S001,P007,3,9.99,29.97
TX11943,2026-07-30,S001,P007,1,9.99,9.99
TX11944,2026-07-30,S001,P007,2,9.99,19.98
TX11945,2026-07-30,S001,P008,1,12.99,12.99
TX11946,2026-07-30,S001,P008,3,12.99,38.97
TX11947,2026-07-30,S001,P008,1,12.99,12.99
TX11948,2026-07-30,S001,P009,1,14.99,14.99
TX11949,2026-07-30,S001,P009,2,14.99,29.98
TX11950,2026-07-30,S001,P009,2,14.99,29.98
TX11951,2026-07-30,S001,P009,2,14.99,29.98
TX11952,2026-07-30,S001,P010,3,19.99,59.97
TX11953,2026-07-30,S001,P010,1,19.99,19.99
TX11954,2026-07-30,S001,P011,2,24.99,49.98
TX11955,2026-07-30,S001,P012,1,59.99,59.99
TX11956,2026-07-30,S001,P012,3,59.99,179.97
TX11957,2026-07-30,S001,P012,2,59.99,119.98
TX11958,2026-07-30,S001,P013,1,22.99,22.99
TX11959,2026-07-30,S001,P013,2,22.99,45.98
TX11960,2026-07-30,S001,P013,1,22.99,22.99
TX11961,2026-07-30,S001,P015,2,11.99,23.98
TX11962,2026-07-30,S001,P015,2,11.99,23.98
TX11963,2026-07-30,S002,P001,2,29.99,59.98
TX11964,2026-07-30,S002,P001,1,29.99,29.99
TX11965,2026-07-30,S002,P001,2,29.99,59.98
TX11966,2026-07-30,S002,P002,2,89.99,179.98
TX11967,2026-07-30,S002,P003,3,39.99,119.97
TX11968,2026-07-30,S002,P003,2,39.99,79.98
TX11969,2026-07-30,S002,P004,2,149.99,299.98
TX11970,2026-07-30,S002,P006,1,34.99,34.99
TX11971,2026-07-30,S002,P007,3,9.99,29.97
TX11972,2026-07-30,S002,P007,2,9.99,19.98
TX11973,2026-07-30,S002,P008,2,12.99,25.98
TX11974,2026-07-30,S002,P008,3,12.99,38.97
TX11975,2026-07-30,S002,P009,2,14.99,29.98
TX11976,2026-07-30,S002,P009,1,14.99,14.99
TX11977,2026-07-30,S002,P009,2,14.99,29.98
TX11978,2026-07-30,S002,P010,1,19.99,19.99
TX11979,2026-07-30,S002,P013,1,22.99,22.99
TX11980,2026-07-30,S002,P013,1,22.99,22.99
TX11981,2026-07-30,S002,P013,2,22.99,45.98
TX11982,2026-07-30,S002,P013,2,22.99,45.98
TX11983,2026-07-30,S002,P015,1,11.99,11.99
TX11984,2026-07-30,S002,P015,1,11.99,11.99
TX11985,2026-07-30,S002,P015,1,11.99,11.99
TX11986,2026-07-30,S003,P001,1,29.99,29.99
TX11987,2026-07-30,S003,P001,1,29.99,29.99
TX11988,2026-07-30,S003,P002,1,89.99,89.99
TX11989,2026-07-30,S003,P003,1,39.99,39.99
TX11990,2026-07-30,S003,P004,1,149.99,149.99
TX11991,2026-07-30,S003,P006,3,34.99,104.97
TX11992,2026-07-30,S003,P007,3,9.99,29.97
TX11993,2026-07-30,S003,P007,2,9.99,19.98
TX11994,2026-07-30,S003,P008,1,12.99,12.99
TX11995,2026-07-30,S003,P008,1,12.99,12.99
TX11996,2026-07-30,S003,P009,2,14.99,29.98
TX11997,2026-07-30,S003,P009,3,14.99,44.97
TX11998,2026-07-30,S003,P010,1,19.99,19.99
TX11999,2026-07-30,S003,P011,1,24.99,24.99
TX12000,2026-07-30,S003,P012,1,59.99,59.99
TX12001,2026-07-30,S003,P013,1,22.99,22.99
TX12002,2026-07-30,S003,P013,1,22.99,22.99
TX12003,2026-07-30,S003,P013,1,22.99,22.99
TX12004,2026-07-30,S003,P014,1,32.99,32.99
TX12005,2026-07-30,S003,P015,2,11.99,23.98
TX12006,2026-07-30,S004,P001,1,29.99,29.99
TX12007,2026-07-30,S004,P003,1,39.99,39.99
TX12008,2026-07-30,S004,P004,2,149.99,299.98
TX12009,2026-07-30,S004,P007,1,9.99,9.99
TX12010,2026-07-30,S004,P007,2,9.99,19.98
TX12011,2026-07-30,S004,P010,2,19.99,39.98
TX12012,2026-07-30,S004,P013,1,22.99,22.99
TX12013,2026-07-30,S004,P015,1,11.99,11.99
TX12014,2026-07-31,S001,P001,1,29.99,29.99
TX12015,2026-07-31,S001,P001,2,29.99,59.98
TX12016,2026-07-31,S001,P001,2,29.99,59.98
TX12017,2026-07-31,S001,P002,2,89.99,179.98
TX12018,2026-07-31,S001,P002,1,89.99,89.99
TX12019,2026-07-31,S001,P003,2,39.99,79.98
TX12020,2026-07-31,S001,P003,1,39.99,39.99
TX12021,2026-07-31,S001,P003,3,39.99,119.97
TX12022,2026-07-31,S001,P004,1,149.99,149.99
TX12023,2026-07-31,S001,P005,1,49.99,49.99
TX12024,2026-07-31,S001,P006,2,34.99,69.98
TX12025,2026-07-31,S001,P007,1,9.99,9.99
TX12026,2026-07-31,S001,P007,2,9.99,19.98
TX12027,2026-07-31,S001,P008,3,12.99,38.97
TX12028,2026-07-31,S001,P008,2,12.99,25.98
TX12029,2026-07-31,S001,P009,2,14.99,29.98
TX12030,2026-07-31,S001,P009,2,14.99,29.98
TX12031,2026-07-31,S001,P009,2,14.99,29.98
TX12032,2026-07-31,S001,P009,2,14.99,29.98
TX12033,2026-07-31,S001,P009,1,14.99,14.99
TX12034,2026-07-31,S001,P010,2,19.99,39.98
TX12035,2026-07-31,S001,P012,1,59.99,59.99
TX12036,2026-07-31,S001,P013,1,22.99,22.99
TX12037,2026-07-31,S001,P013,1,22.99,22.99
TX12038,2026-07-31,S001,P013,3,22.99,68.97
TX12039,2026-07-31,S001,P013,1,22.99,22.99
TX12040,2026-07-31,S001,P013,2,22.99,45.98
TX12041,2026-07-31,S001,P014,1,32.99,32.99
TX12042,2026-07-31,S001,P015,3,11.99,35.97
TX12043,2026-07-31,S001,P015,2,11.99,23.98
TX12044,2026-07-31,S001,P015,2,11.99,23.98
TX12045,2026-07-31,S001,P015,1,11.99,11.99
TX12046,2026-07-31,S002,P001,1,29.99,29.99
TX12047,2026-07-31,S002,P001,1,29.99,29.99
TX12048,2026-07-31,S002,P002,1,89.99,89.99
TX12049,2026-07-31,S002,P003,1,39.99,39.99
TX12050,2026-07-31,S002,P003,2,39.99,79.98
TX12051,2026-07-31,S002,P006,1,34.99,34.99
TX12052,2026-07-31,S002,P007,1,9.99,9.99
TX12053,2026-07-31,S002,P007,2,9.99,19.98
TX12054,2026-07-31,S002,P007,1,9.99,9.99
TX12055,2026-07-31,S002,P008,3,12.99,38.97
TX12056,2026-07-31,S002,P008,1,12.99,12.99
TX12057,2026-07-31,S002,P009,2,14.99,29.98
TX12058,2026-07-31,S002,P009,1,14.99,14.99
TX12059,2026-07-31,S002,P009,1,14.99,14.99
TX12060,2026-07-31,S002,P010,2,19.99,39.98
TX12061,2026-07-31,S002,P011,1,24.99,24.99
TX12062,2026-07-31,S002,P013,1,22.99,22.99
TX12063,2026-07-31,S002,P013,2,22.99,45.98
TX12064,2026-07-31,S002,P013,1,22.99,22.99
TX12065,2026-07-31,S002,P014,1,32.99,32.99
TX12066,2026-07-31,S002,P015,2,11.99,23.98
TX12067,2026-07-31,S003,P002,2,89.99,179.98
TX12068,2026-07-31,S003,P002,1,89.99,89.99
TX12069,2026-07-31,S003,P002,1,89.99,89.99
TX12070,2026-07-31,S003,P003,1,39.99,39.99
TX12071,2026-07-31,S003,P003,1,39.99,39.99
TX12072,2026-07-31,S003,P006,1,34.99,34.99
TX12073,2026-07-31,S003,P007,1,9.99,9.99
TX12074,2026-07-31,S003,P007,1,9.99,9.99
TX12075,2026-07-31,S003,P008,1,12.99,12.99
TX12076,2026-07-31,S003,P008,3,12.99,38.97
TX12077,2026-07-31,S003,P009,2,14.99,29.98
TX12078,2026-07-31,S003,P010,1,19.99,19.99
TX12079,2026-07-31,S003,P013,1,22.99,22.99
TX12080,2026-07-31,S003,P013,1,22.99,22.99
TX12081,2026-07-31,S003,P013,1,22.99,22.99
TX12082,2026-07-31,S003,P015,2,11.99,23.98
TX12083,2026-07-31,S004,P001,1,29.99,29.99
TX12084,2026-07-31,S004,P002,1,89.99,89.99
TX12085,2026-07-31,S004,P003,1,39.99,39.99
TX12086,2026-07-31,S004,P007,3,9.99,29.97
TX12087,2026-07-31,S004,P007,2,9.99,19.98
TX12088,2026-07-31,S004,P008,1,12.99,12.99
TX12089,2026-07-31,S004,P009,2,14.99,29.98
TX12090,2026-07-31,S004,P010,1,19.99,19.99
TX12091,2026-07-31,S004,P010,1,19.99,19.99
TX12092,2026-07-31,S004,P015,1,11.99,11.99
TX12093,2026-08-01,S001,P001,2,29.99,59.98
TX12094,2026-08-01,S001,P001,1,29.99,29.99
TX12095,2026-08-01,S001,P001,1,29.99,29.99
TX12096,2026-08-01,S001,P001,3,29.99,89.97
TX12097,2026-08-01,S001,P002,3,89.99,269.97
TX12098,2026-08-01,S001,P003,3,39.99,119.97
TX12099,2026-08-01,S001,P004,1,149.99,149.99
TX12100,2026-08-01,S001,P006,1,34.99,34.99
TX12101,2026-08-01,S001,P007,1,9.99,9.99
TX12102,2026-08-01,S001,P007,2,9.99,19.98
TX12103,2026-08-01,S001,P008,1,12.99,12.99
TX12104,2026-08-01,S001,P008,2,12.99,25.98
TX12105,2026-08-01,S001,P008,1,12.99,12.99
TX12106,2026-08-01,S001,P008,1,12.99,12.99
TX12107,2026-08-01,S001,P009,1,14.99,14.99
TX12108,2026-08-01,S001,P009,2,14.99,29.98
TX12109,2026-08-01,S001,P009,3,14.99,44.97
TX12110,2026-08-01,S001,P009,3,14.99,44.97
TX12111,2026-08-01,S001,P009,2,14.99,29.98
TX12112,2026-08-01,S001,P010,1,19.99,19.99
TX12113,2026-08-01,S001,P010,1,19.99,19.99
TX12114,2026-08-01,S001,P010,2,19.99,39.98
TX12115,2026-08-01,S001,P011,2,24.99,49.98
TX12116,2026-08-01,S001,P012,3,59.99,179.97
TX12117,2026-08-01,S001,P013,1,22.99,22.99
TX12118,2026-08-01,S001,P013,3,22.99,68.97
TX12119,2026-08-01,S001,P013,3,22.99,68.97
TX12120,2026-08-01,S001,P013,2,22.99,45.98
TX12121,2026-08-01,S001,P014,1,32.99,32.99
TX12122,2026-08-01,S001,P015,3,11.99,35.97
TX12123,2026-08-01,S001,P015,1,11.99,11.99
TX12124,2026-08-01,S001,P015,2,11.99,23.98
TX12125,2026-08-01,S001,P015,1,11.99,11.99
TX12126,2026-08-01,S002,P001,1,29.99,29.99
TX12127,2026-08-01,S002,P001,3,29.99,89.97
TX12128,2026-08-01,S002,P001,2,29.99,59.98
TX12129,2026-08-01,S002,P002,1,89.99,89.99
TX12130,2026-08-01,S002,P002,1,89.99,89.99
TX12131,2026-08-01,S002,P003,2,39.99,79.98
TX12132,2026-08-01,S002,P003,1,39.99,39.99
TX12133,2026-08-01,S002,P004,3,149.99,449.97
TX12134,2026-08-01,S002,P006,3,34.99,104.97
TX12135,2026-08-01,S002,P007,1,9.99,9.99
TX12136,2026-08-01,S002,P007,2,9.99,19.98
TX12137,2026-08-01,S002,P008,2,12.99,25.98
TX12138,2026-08-01,S002,P009,1,14.99,14.99
TX12139,2026-08-01,S002,P009,3,14.99,44.97
TX12140,2026-08-01,S002,P009,3,14.99,44.97
TX12141,2026-08-01,S002,P009,3,14.99,44.97
TX12142,2026-08-01,S002,P010,1,19.99,19.99
TX12143,2026-08-01,S002,P011,1,24.99,24.99
TX12144,2026-08-01,S002,P013,1,22.99,22.99
TX12145,2026-08-01,S002,P013,2,22.99,45.98
TX12146,2026-08-01,S002,P013,2,22.99,45.98
TX12147,2026-08-01,S002,P014,1,32.99,32.99
TX12148,2026-08-01,S002,P015,2,11.99,23.98
TX12149,2026-08-01,S003,P001,2,29.99,59.98
TX12150,2026-08-01,S003,P001,1,29.99,29.99
TX12151,2026-08-01,S003,P002,1,89.99,89.99
TX12152,2026-08-01,S003,P003,1,39.99,39.99
TX12153,2026-08-01,S003,P006,1,34.99,34.99
TX12154,2026-08-01,S003,P006,1,34.99,34.99
TX12155,2026-08-01,S003,P007,1,9.99,9.99
TX12156,2026-08-01,S003,P007,2,9.99,19.98
TX12157,2026-08-01,S003,P007,1,9.99,9.99
TX12158,2026-08-01,S003,P007,1,9.99,9.99
TX12159,2026-08-01,S003,P008,1,12.99,12.99
TX12160,2026-08-01,S003,P009,3,14.99,44.97
TX12161,2026-08-01,S003,P009,1,14.99,14.99
TX12162,2026-08-01,S003,P010,3,19.99,59.97
TX12163,2026-08-01,S003,P011,3,24.99,74.97
TX12164,2026-08-01,S003,P012,1,59.99,59.99
TX12165,2026-08-01,S003,P013,1,22.99,22.99
TX12166,2026-08-01,S003,P013,1,22.99,22.99
TX12167,2026-08-01,S003,P013,1,22.99,22.99
TX12168,2026-08-01,S004,P001,2,29.99,59.98
TX12169,2026-08-01,S004,P003,2,39.99,79.98
TX12170,2026-08-01,S004,P006,2,34.99,69.98
TX12171,2026-08-01,S004,P007,1,9.99,9.99
TX12172,2026-08-01,S004,P007,1,9.99,9.99
TX12173,2026-08-01,S004,P008,1,12.99,12.99
TX12174,2026-08-01,S004,P009,1,14.99,14.99
TX12175,2026-08-01,S004,P010,2,19.99,39.98
TX12176,2026-08-01,S004,P012,1,59.99,59.99
TX12177,2026-08-01,S004,P013,1,22.99,22.99
TX12178,2026-08-01,S004,P015,1,11.99,11.99
TX12179,2026-08-02,S001,P001,1,29.99,29.99
TX12180,2026-08-02,S001,P001,3,29.99,89.97
TX12181,2026-08-02,S001,P001,2,29.99,59.98
TX12182,2026-08-02,S001,P002,1,89.99,89.99
TX12183,2026-08-02,S001,P002,1,89.99,89.99
TX12184,2026-08-02,S001,P003,1,39.99,39.99
TX12185,2026-08-02,S001,P003,1,39.99,39.99
TX12186,2026-08-02,S001,P006,1,34.99,34.99
TX12187,2026-08-02,S001,P006,1,34.99,34.99
TX12188,2026-08-02,S001,P006,1,34.99,34.99
TX12189,2026-08-02,S001,P007,2,9.99,19.98
TX12190,2026-08-02,S001,P007,3,9.99,29.97
TX12191,2026-08-02,S001,P007,2,9.99,19.98
TX12192,2026-08-02,S001,P008,3,12.99,38.97
TX12193,2026-08-02,S001,P008,2,12.99,25.98
TX12194,2026-08-02,S001,P008,2,12.99,25.98
TX12195,2026-08-02,S001,P008,1,12.99,12.99
TX12196,2026-08-02,S001,P008,3,12.99,38.97
TX12197,2026-08-02,S001,P009,1,14.99,14.99
TX12198,2026-08-02,S001,P009,2,14.99,29.98
TX12199,2026-08-02,S001,P009,2,14.99,29.98
TX12200,2026-08-02,S001,P009,1,14.99,14.99
TX12201,2026-08-02,S001,P009,3,14.99,44.97
TX12202,2026-08-02,S001,P009,1,14.99,14.99
TX12203,2026-08-02,S001,P010,2,19.99,39.98
TX12204,2026-08-02,S001,P011,1,24.99,24.99
TX12205,2026-08-02,S001,P011,2,24.99,49.98
TX12206,2026-08-02,S001,P012,2,59.99,119.98
TX12207,2026-08-02,S001,P012,1,59.99,59.99
TX12208,2026-08-02,S001,P013,3,22.99,68.97
TX12209,2026-08-02,S001,P013,2,22.99,45.98
TX12210,2026-08-02,S001,P013,2,22.99,45.98
TX12211,2026-08-02,S001,P013,1,22.99,22.99
TX12212,2026-08-02,S001,P015,1,11.99,11.99
TX12213,2026-08-02,S001,P015,2,11.99,23.98
TX12214,2026-08-02,S001,P015,1,11.99,11.99
TX12215,2026-08-02,S002,P001,2,29.99,59.98
TX12216,2026-08-02,S002,P001,2,29.99,59.98
TX12217,2026-08-02,S002,P002,1,89.99,89.99
TX12218,2026-08-02,S002,P003,2,39.99,79.98
TX12219,2026-08-02,S002,P006,1,34.99,34.99
TX12220,2026-08-02,S002,P006,2,34.99,69.98
TX12221,2026-08-02,S002,P007,2,9.99,19.98
TX12222,2026-08-02,S002,P007,1,9.99,9.99
TX12223,2026-08-02,S002,P007,1,9.99,9.99
TX12224,2026-08-02,S002,P008,3,12.99,38.97
TX12225,2026-08-02,S002,P008,1,12.99,12.99
TX12226,2026-08-02,S002,P009,3,14.99,44.97
TX12227,2026-08-02,S002,P009,2,14.99,29.98
TX12228,2026-08-02,S002,P009,2,14.99,29.98
TX12229,2026-08-02,S002,P009,1,14.99,14.99
TX12230,2026-08-02,S002,P009,1,14.99,14.99
TX12231,2026-08-02,S002,P009,2,14.99,29.98
TX12232,2026-08-02,S002,P010,2,19.99,39.98
TX12233,2026-08-02,S002,P011,1,24.99,24.99
TX12234,2026-08-02,S002,P013,2,22.99,45.98
TX12235,2026-08-02,S002,P013,2,22.99,45.98
TX12236,2026-08-02,S002,P013,3,22.99,68.97
TX12237,2026-08-02,S002,P013,1,22.99,22.99
TX12238,2026-08-02,S002,P014,1,32.99,32.99
TX12239,2026-08-02,S002,P015,1,11.99,11.99
TX12240,2026-08-02,S002,P015,1,11.99,11.99
TX12241,2026-08-02,S003,P001,2,29.99,59.98
TX12242,2026-08-02,S003,P001,1,29.99,29.99
TX12243,2026-08-02,S003,P003,2,39.99,79.98
TX12244,2026-08-02,S003,P007,1,9.99,9.99
TX12245,2026-08-02,S003,P007,3,9.99,29.97
TX12246,2026-08-02,S003,P007,1,9.99,9.99
TX12247,2026-08-02,S003,P008,3,12.99,38.97
TX12248,2026-08-02,S003,P009,2,14.99,29.98
TX12249,2026-08-02,S003,P010,2,19.99,39.98
TX12250,2026-08-02,S003,P011,2,24.99,49.98
TX12251,2026-08-02,S003,P012,1,59.99,59.99
TX12252,2026-08-02,S003,P012,1,59.99,59.99
TX12253,2026-08-02,S003,P013,2,22.99,45.98
TX12254,2026-08-02,S003,P014,1,32.99,32.99
TX12255,2026-08-02,S004,P001,2,29.99,59.98
TX12256,2026-08-02,S004,P002,1,89.99,89.99
TX12257,2026-08-02,S004,P003,1,39.99,39.99
TX12258,2026-08-02,S004,P004,1,149.99,149.99
TX12259,2026-08-02,S004,P006,2,34.99,69.98
TX12260,2026-08-02,S004,P007,1,9.99,9.99
TX12261,2026-08-02,S004,P007,1,9.99,9.99
TX12262,2026-08-02,S004,P007,1,9.99,9.99
TX12263,2026-08-02,S004,P009,3,14.99,44.97
TX12264,2026-08-02,S004,P013,2,22.99,45.98
TX12265,2026-08-02,S004,P015,2,11.99,23.98
TX12266,2026-08-03,S001,P001,1,29.99,29.99
TX12267,2026-08-03,S001,P001,1,29.99,29.99
TX12268,2026-08-03,S001,P001,1,29.99,29.99
TX12269,2026-08-03,S001,P001,1,29.99,29.99
TX12270,2026-08-03,S001,P002,1,89.99,89.99
TX12271,2026-08-03,S001,P003,2,39.99,79.98
TX12272,2026-08-03,S001,P004,2,149.99,299.98
TX12273,2026-08-03,S001,P006,1,34.99,34.99
TX12274,2026-08-03,S001,P007,3,9.99,29.97
TX12275,2026-08-03,S001,P007,1,9.99,9.99
TX12276,2026-08-03,S001,P007,3,9.99,29.97
TX12277,2026-08-03,S001,P007,1,9.99,9.99
TX12278,2026-08-03,S001,P007,3,9.99,29.97
TX12279,2026-08-03,S001,P007,2,9.99,19.98
TX12280,2026-08-03,S001,P007,1,9.99,9.99
TX12281,2026-08-03,S001,P008,2,12.99,25.98
TX12282,2026-08-03,S001,P008,2,12.99,25.98
TX12283,2026-08-03,S001,P008,1,12.99,12.99
TX12284,2026-08-03,S001,P009,3,14.99,44.97
TX12285,2026-08-03,S001,P009,1,14.99,14.99
TX12286,2026-08-03,S001,P009,2,14.99,29.98
TX12287,2026-08-03,S001,P010,2,19.99,39.98
TX12288,2026-08-03,S001,P011,2,24.99,49.98
TX12289,2026-08-03,S001,P011,1,24.99,24.99
TX12290,2026-08-03,S001,P012,2,59.99,119.98
TX12291,2026-08-03,S001,P013,2,22.99,45.98
TX12292,2026-08-03,S001,P013,1,22.99,22.99
TX12293,2026-08-03,S001,P013,1,22.99,22.99
TX12294,2026-08-03,S001,P013,1,22.99,22.99
TX12295,2026-08-03,S001,P015,3,11.99,35.97
TX12296,2026-08-03,S001,P015,1,11.99,11.99
TX12297,2026-08-03,S001,P015,1,11.99,11.99
TX12298,2026-08-03,S002,P001,3,29.99,89.97
TX12299,2026-08-03,S002,P001,2,29.99,59.98
TX12300,2026-08-03,S002,P001,1,29.99,29.99
TX12301,2026-08-03,S002,P002,1,89.99,89.99
TX12302,2026-08-03,S002,P003,2,39.99,79.98
TX12303,2026-08-03,S002,P003,2,39.99,79.98
TX12304,2026-08-03,S002,P003,1,39.99,39.99
TX12305,2026-08-03,S002,P004,1,149.99,149.99
TX12306,2026-08-03,S002,P006,1,34.99,34.99
TX12307,2026-08-03,S002,P007,3,9.99,29.97
TX12308,2026-08-03,S002,P007,2,9.99,19.98
TX12309,2026-08-03,S002,P007,2,9.99,19.98
TX12310,2026-08-03,S002,P008,2,12.99,25.98
TX12311,2026-08-03,S002,P009,1,14.99,14.99
TX12312,2026-08-03,S002,P009,1,14.99,14.99
TX12313,2026-08-03,S002,P009,1,14.99,14.99
TX12314,2026-08-03,S002,P009,1,14.99,14.99
TX12315,2026-08-03,S002,P009,2,14.99,29.98
TX12316,2026-08-03,S002,P009,1,14.99,14.99
TX12317,2026-08-03,S002,P009,2,14.99,29.98
TX12318,2026-08-03,S002,P010,2,19.99,39.98
TX12319,2026-08-03,S002,P011,1,24.99,24.99
TX12320,2026-08-03,S002,P012,1,59.99,59.99
TX12321,2026-08-03,S002,P013,2,22.99,45.98
TX12322,2026-08-03,S002,P013,3,22.99,68.97
TX12323,2026-08-03,S002,P013,1,22.99,22.99
TX12324,2026-08-03,S002,P015,2,11.99,23.98
TX12325,2026-08-03,S003,P001,1,29.99,29.99
TX12326,2026-08-03,S003,P003,2,39.99,79.98
TX12327,2026-08-03,S003,P004,1,149.99,149.99
TX12328,2026-08-03,S003,P006,2,34.99,69.98
TX12329,2026-08-03,S003,P007,2,9.99,19.98
TX12330,2026-08-03,S003,P007,1,9.99,9.99
TX12331,2026-08-03,S003,P007,3,9.99,29.97
TX12332,2026-08-03,S003,P009,3,14.99,44.97
TX12333,2026-08-03,S003,P009,1,14.99,14.99
TX12334,2026-08-03,S003,P010,1,19.99,19.99
TX12335,2026-08-03,S003,P011,1,24.99,24.99
TX12336,2026-08-03,S003,P011,1,24.99,24.99
TX12337,2026-08-03,S003,P013,1,22.99,22.99
TX12338,2026-08-03,S003,P015,1,11.99,11.99
TX12339,2026-08-03,S004,P001,1,29.99,29.99
TX12340,2026-08-03,S004,P006,1,34.99,34.99
TX12341,2026-08-03,S004,P007,1,9.99,9.99
TX12342,2026-08-03,S004,P007,1,9.99,9.99
TX12343,2026-08-03,S004,P007,2,9.99,19.98
TX12344,2026-08-03,S004,P007,1,9.99,9.99
TX12345,2026-08-03,S004,P009,2,14.99,29.98
TX12346,2026-08-03,S004,P010,3,19.99,59.97
TX12347,2026-08-03,S004,P011,1,24.99,24.99
TX12348,2026-08-03,S004,P013,1,22.99,22.99
TX12349,2026-08-04,S001,P001,2,29.99,59.98
TX12350,2026-08-04,S001,P001,3,29.99,89.97
TX12351,2026-08-04,S001,P001,1,29.99,29.99
TX12352,2026-08-04,S001,P001,3,29.99,89.97
TX12353,2026-08-04,S001,P001,1,29.99,29.99
TX12354,2026-08-04,S001,P001,1,29.99,29.99
TX12355,2026-08-04,S001,P002,2,89.99,179.98
TX12356,2026-08-04,S001,P002,1,89.99,89.99
TX12357,2026-08-04,S001,P003,3,39.99,119.97
TX12358,2026-08-04,S001,P003,3,39.99,119.97
TX12359,2026-08-04,S001,P004,1,149.99,149.99
TX12360,2026-08-04,S001,P006,2,34.99,69.98
TX12361,2026-08-04,S001,P007,2,9.99,19.98
TX12362,2026-08-04,S001,P007,2,9.99,19.98
TX12363,2026-08-04,S001,P007,3,9.99,29.97
TX12364,2026-08-04,S001,P007,1,9.99,9.99
TX12365,2026-08-04,S001,P008,1,12.99,12.99
TX12366,2026-08-04,S001,P008,2,12.99,25.98
TX12367,2026-08-04,S001,P008,3,12.99,38.97
TX12368,2026-08-04,S001,P008,1,12.99,12.99
TX12369,2026-08-04,S001,P008,2,12.99,25.98
TX12370,2026-08-04,S001,P009,2,14.99,29.98
TX12371,2026-08-04,S001,P009,3,14.99,44.97
TX12372,2026-08-04,S001,P009,1,14.99,14.99
TX12373,2026-08-04,S001,P010,2,19.99,39.98
TX12374,2026-08-04,S001,P010,1,19.99,19.99
TX12375,2026-08-04,S001,P011,2,24.99,49.98
TX12376,2026-08-04,S001,P012,1,59.99,59.99
TX12377,2026-08-04,S001,P013,3,22.99,68.97
TX12378,2026-08-04,S001,P013,1,22.99,22.99
TX12379,2026-08-04,S001,P013,1,22.99,22.99
TX12380,2026-08-04,S001,P015,1,11.99,11.99
TX12381,2026-08-04,S002,P001,3,29.99,89.97
TX12382,2026-08-04,S002,P001,1,29.99,29.99
TX12383,2026-08-04,S002,P001,1,29.99,29.99
TX12384,2026-08-04,S002,P001,1,29.99,29.99
TX12385,2026-08-04,S002,P002,1,89.99,89.99
TX12386,2026-08-04,S002,P002,1,89.99,89.99
TX12387,2026-08-04,S002,P003,1,39.99,39.99
TX12388,2026-08-04,S002,P003,1,39.99,39.99
TX12389,2026-08-04,S002,P003,1,39.99,39.99
TX12390,2026-08-04,S002,P004,1,149.99,149.99
TX12391,2026-08-04,S002,P006,1,34.99,34.99
TX12392,2026-08-04,S002,P006,2,34.99,69.98
TX12393,2026-08-04,S002,P006,1,34.99,34.99
TX12394,2026-08-04,S002,P007,2,9.99,19.98
TX12395,2026-08-04,S002,P007,1,9.99,9.99
TX12396,2026-08-04,S002,P007,2,9.99,19.98
TX12397,2026-08-04,S002,P007,1,9.99,9.99
TX12398,2026-08-04,S002,P007,2,9.99,19.98
TX12399,2026-08-04,S002,P008,3,12.99,38.97
TX12400,2026-08-04,S002,P008,1,12.99,12.99
TX12401,2026-08-04,S002,P009,1,14.99,14.99
TX12402,2026-08-04,S002,P009,3,14.99,44.97
TX12403,2026-08-04,S002,P009,2,14.99,29.98
TX12404,2026-08-04,S002,P010,3,19.99,59.97
TX12405,2026-08-04,S002,P011,3,24.99,74.97
TX12406,2026-08-04,S002,P013,1,22.99,22.99
TX12407,2026-08-04,S002,P013,1,22.99,22.99
TX12408,2026-08-04,S002,P015,3,11.99,35.97
TX12409,2026-08-04,S002,P015,1,11.99,11.99
TX12410,2026-08-04,S003,P001,3,29.99,89.97
TX12411,2026-08-04,S003,P001,1,29.99,29.99
TX12412,2026-08-04,S003,P002,1,89.99,89.99
TX12413,2026-08-04,S003,P003,1,39.99,39.99
TX12414,2026-08-04,S003,P005,1,49.99,49.99
TX12415,2026-08-04,S003,P006,1,34.99,34.99
TX12416,2026-08-04,S003,P007,3,9.99,29.97
TX12417,2026-08-04,S003,P007,1,9.99,9.99
TX12418,2026-08-04,S003,P008,2,12.99,25.98
TX12419,2026-08-04,S003,P009,2,14.99,29.98
TX12420,2026-08-04,S003,P010,1,19.99,19.99
TX12421,2026-08-04,S003,P010,1,19.99,19.99
TX12422,2026-08-04,S003,P012,1,59.99,59.99
TX12423,2026-08-04,S003,P012,1,59.99,59.99
TX12424,2026-08-04,S003,P013,2,22.99,45.98
TX12425,2026-08-04,S003,P015,3,11.99,35.97
TX12426,2026-08-04,S004,P001,1,29.99,29.99
TX12427,2026-08-04,S004,P006,3,34.99,104.97
TX12428,2026-08-04,S004,P007,1,9.99,9.99
TX12429,2026-08-04,S004,P008,3,12.99,38.97
TX12430,2026-08-04,S004,P009,1,14.99,14.99
TX12431,2026-08-04,S004,P010,2,19.99,39.98
TX12432,2026-08-04,S004,P011,1,24.99,24.99
TX12433,2026-08-04,S004,P012,1,59.99,59.99
TX12434,2026-08-04,S004,P013,1,22.99,22.99
TX12435,2026-08-05,S001,P001,3,29.99,89.97
TX12436,2026-08-05,S001,P001,3,29.99,89.97
TX12437,2026-08-05,S001,P001,2,29.99,59.98
TX12438,2026-08-05,S001,P002,2,89.99,179.98
TX12439,2026-08-05,S001,P003,2,39.99,79.98
TX12440,2026-08-05,S001,P003,2,39.99,79.98
TX12441,2026-08-05,S001,P003,1,39.99,39.99
TX12442,2026-08-05,S001,P003,2,39.99,79.98
TX12443,2026-08-05,S001,P004,1,149.99,149.99
TX12444,2026-08-05,S001,P006,2,34.99,69.98
TX12445,2026-08-05,S001,P006,1,34.99,34.99
TX12446,2026-08-05,S001,P007,1,9.99,9.99
TX12447,2026-08-05,S001,P007,3,9.99,29.97
TX12448,2026-08-05,S001,P007,1,9.99,9.99
TX12449,2026-08-05,S001,P007,1,9.99,9.99
TX12450,2026-08-05,S001,P007,2,9.99,19.98
TX12451,2026-08-05,S001,P007,1,9.99,9.99
TX12452,2026-08-05,S001,P008,2,12.99,25.98
TX12453,2026-08-05,S001,P009,2,14.99,29.98
TX12454,2026-08-05,S001,P009,1,14.99,14.99
TX12455,2026-08-05,S001,P009,2,14.99,29.98
TX12456,2026-08-05,S001,P009,1,14.99,14.99
TX12457,2026-08-05,S001,P010,1,19.99,19.99
TX12458,2026-08-05,S001,P011,2,24.99,49.98
TX12459,2026-08-05,S001,P011,2,24.99,49.98
TX12460,2026-08-05,S001,P012,2,59.99,119.98
TX12461,2026-08-05,S001,P012,1,59.99,59.99
TX12462,2026-08-05,S001,P013,2,22.99,45.98
TX12463,2026-08-05,S001,P013,2,22.99,45.98
TX12464,2026-08-05,S001,P013,1,22.99,22.99
TX12465,2026-08-05,S001,P013,1,22.99,22.99
TX12466,2026-08-05,S001,P014,1,32.99,32.99
TX12467,2026-08-05,S001,P015,3,11.99,35.97
TX12468,2026-08-05,S001,P015,1,11.99,11.99
TX12469,2026-08-05,S001,P015,1,11.99,11.99
TX12470,2026-08-05,S002,P001,1,29.99,29.99
TX12471,2026-08-05,S002,P001,2,29.99,59.98
TX12472,2026-08-05,S002,P001,1,29.99,29.99
TX12473,2026-08-05,S002,P001,2,29.99,59.98
TX12474,2026-08-05,S002,P002,2,89.99,179.98
TX12475,2026-08-05,S002,P002,1,89.99,89.99
TX12476,2026-08-05,S002,P003,1,39.99,39.99
TX12477,2026-08-05,S002,P003,1,39.99,39.99
TX12478,2026-08-05,S002,P003,1,39.99,39.99
TX12479,2026-08-05,S002,P005,1,49.99,49.99
TX12480,2026-08-05,S002,P006,2,34.99,69.98
TX12481,2026-08-05,S002,P007,2,9.99,19.98
TX12482,2026-08-05,S002,P008,2,12.99,25.98
TX12483,2026-08-05,S002,P009,1,14.99,14.99
TX12484,2026-08-05,S002,P009,1,14.99,14.99
TX12485,2026-08-05,S002,P009,2,14.99,29.98
TX12486,2026-08-05,S002,P010,3,19.99,59.97
TX12487,2026-08-05,S002,P010,1,19.99,19.99
TX12488,2026-08-05,S002,P012,2,59.99,119.98
TX12489,2026-08-05,S002,P012,1,59.99,59.99
TX12490,2026-08-05,S002,P013,1,22.99,22.99
TX12491,2026-08-05,S002,P013,2,22.99,45.98
TX12492,2026-08-05,S002,P013,1,22.99,22.99
TX12493,2026-08-05,S003,P001,2,29.99,59.98
TX12494,2026-08-05,S003,P001,1,29.99,29.99
TX12495,2026-08-05,S003,P002,2,89.99,179.98
TX12496,2026-08-05,S003,P003,1,39.99,39.99
TX12497,2026-08-05,S003,P004,1,149.99,149.99
TX12498,2026-08-05,S003,P004,1,149.99,149.99
TX12499,2026-08-05,S003,P007,2,9.99,19.98
TX12500,2026-08-05,S003,P007,2,9.99,19.98
TX12501,2026-08-05,S003,P008,2,12.99,25.98
TX12502,2026-08-05,S003,P008,1,12.99,12.99
TX12503,2026-08-05,S003,P009,1,14.99,14.99
TX12504,2026-08-05,S003,P009,1,14.99,14.99
TX12505,2026-08-05,S003,P010,2,19.99,39.98
TX12506,2026-08-05,S003,P010,1,19.99,19.99
TX12507,2026-08-05,S003,P011,1,24.99,24.99
TX12508,2026-08-05,S003,P012,2,59.99,119.98
TX12509,2026-08-05,S003,P013,2,22.99,45.98
TX12510,2026-08-05,S003,P013,1,22.99,22.99
TX12511,2026-08-05,S004,P002,1,89.99,89.99
TX12512,2026-08-05,S004,P004,1,149.99,149.99
TX12513,2026-08-05,S004,P007,2,9.99,19.98
TX12514,2026-08-05,S004,P007,2,9.99,19.98
TX12515,2026-08-05,S004,P007,1,9.99,9.99
TX12516,2026-08-05,S004,P010,1,19.99,19.99
TX12517,2026-08-05,S004,P013,1,22.99,22.99
TX12518,2026-08-05,S004,P013,1,22.99,22.99
TX12519,2026-08-06,S001,P001,1,29.99,29.99
TX12520,2026-08-06,S001,P001,2,29.99,59.98
TX12521,2026-08-06,S001,P001,3,29.99,89.97
TX12522,2026-08-06,S001,P001,2,29.99,59.98
TX12523,2026-08-06,S001,P001,1,29.99,29.99
TX12524,2026-08-06,S001,P002,2,89.99,179.98
TX12525,2026-08-06,S001,P003,1,39.99,39.99
TX12526,2026-08-06,S001,P003,2,39.99,79.98
TX12527,2026-08-06,S001,P003,1,39.99,39.99
TX12528,2026-08-06,S001,P003,3,39.99,119.97
TX12529,2026-08-06,S001,P003,1,39.99,39.99
TX12530,2026-08-06,S001,P004,1,149.99,149.99
TX12531,2026-08-06,S001,P004,2,149.99,299.98
TX12532,2026-08-06,S001,P006,3,34.99,104.97
TX12533,2026-08-06,S001,P006,1,34.99,34.99
TX12534,2026-08-06,S001,P007,1,9.99,9.99
TX12535,2026-08-06,S001,P007,2,9.99,19.98
TX12536,2026-08-06,S001,P007,3,9.99,29.97
TX12537,2026-08-06,S001,P007,2,9.99,19.98
TX12538,2026-08-06,S001,P008,3,12.99,38.97
TX12539,2026-08-06,S001,P008,2,12.99,25.98
TX12540,2026-08-06,S001,P008,1,12.99,12.99
TX12541,2026-08-06,S001,P009,3,14.99,44.97
TX12542,2026-08-06,S001,P009,3,14.99,44.97
TX12543,2026-08-06,S001,P009,1,14.99,14.99
TX12544,2026-08-06,S001,P009,1,14.99,14.99
TX12545,2026-08-06,S001,P009,1,14.99,14.99
TX12546,2026-08-06,S001,P009,2,14.99,29.98
TX12547,2026-08-06,S001,P010,2,19.99,39.98
TX12548,2026-08-06,S001,P010,1,19.99,19.99
TX12549,2026-08-06,S001,P011,2,24.99,49.98
TX12550,2026-08-06,S001,P012,2,59.99,119.98
TX12551,2026-08-06,S001,P013,1,22.99,22.99
TX12552,2026-08-06,S001,P013,1,22.99,22.99
TX12553,2026-08-06,S001,P013,2,22.99,45.98
TX12554,2026-08-06,S001,P014,2,32.99,65.98
TX12555,2026-08-06,S001,P015,1,11.99,11.99
TX12556,2026-08-06,S002,P001,3,29.99,89.97
TX12557,2026-08-06,S002,P002,1,89.99,89.99
TX12558,2026-08-06,S002,P002,1,89.99,89.99
TX12559,2026-08-06,S002,P003,1,39.99,39.99
TX12560,2026-08-06,S002,P003,1,39.99,39.99
TX12561,2026-08-06,S002,P003,1,39.99,39.99
TX12562,2026-08-06,S002,P004,1,149.99,149.99
TX12563,2026-08-06,S002,P005,1,49.99,49.99
TX12564,2026-08-06,S002,P006,3,34.99,104.97
TX12565,2026-08-06,S002,P006,1,34.99,34.99
TX12566,2026-08-06,S002,P007,1,9.99,9.99
TX12567,2026-08-06,S002,P007,3,9.99,29.97
TX12568,2026-08-06,S002,P007,3,9.99,29.97
TX12569,2026-08-06,S002,P007,1,9.99,9.99
TX12570,2026-08-06,S002,P008,2,12.99,25.98
TX12571,2026-08-06,S002,P008,1,12.99,12.99
TX12572,2026-08-06,S002,P009,2,14.99,29.98
TX12573,2026-08-06,S002,P010,1,19.99,19.99
TX12574,2026-08-06,S002,P011,2,24.99,49.98
TX12575,2026-08-06,S002,P011,2,24.99,49.98
TX12576,2026-08-06,S002,P012,1,59.99,59.99
TX12577,2026-08-06,S002,P013,1,22.99,22.99
TX12578,2026-08-06,S002,P015,3,11.99,35.97
TX12579,2026-08-06,S003,P001,2,29.99,59.98
TX12580,2026-08-06,S003,P001,2,29.99,59.98
TX12581,2026-08-06,S003,P002,2,89.99,179.98
TX12582,2026-08-06,S003,P003,2,39.99,79.98
TX12583,2026-08-06,S003,P004,2,149.99,299.98
TX12584,2026-08-06,S003,P006,1,34.99,34.99
TX12585,2026-08-06,S003,P007,2,9.99,19.98
TX12586,2026-08-06,S003,P008,2,12.99,25.98
TX12587,2026-08-06,S003,P008,1,12.99,12.99
TX12588,2026-08-06,S003,P009,1,14.99,14.99
TX12589,2026-08-06,S003,P009,2,14.99,29.98
TX12590,2026-08-06,S003,P010,1,19.99,19.99
TX12591,2026-08-06,S003,P011,1,24.99,24.99
TX12592,2026-08-06,S003,P012,1,59.99,59.99
TX12593,2026-08-06,S003,P013,2,22.99,45.98
TX12594,2026-08-06,S003,P013,1,22.99,22.99
TX12595,2026-08-06,S003,P015,2,11.99,23.98
TX12596,2026-08-06,S004,P001,1,29.99,29.99
TX12597,2026-08-06,S004,P002,2,89.99,179.98
TX12598,2026-08-06,S004,P003,3,39.99,119.97
TX12599,2026-08-06,S004,P004,1,149.99,149.99
TX12600,2026-08-06,S004,P006,1,34.99,34.99
TX12601,2026-08-06,S004,P007,2,9.99,19.98
TX12602,2026-08-06,S004,P007,2,9.99,19.98
TX12603,2026-08-06,S004,P008,1,12.99,12.99
TX12604,2026-08-06,S004,P009,3,14.99,44.97
TX12605,2026-08-06,S004,P010,1,19.99,19.99
TX12606,2026-08-06,S004,P013,1,22.99,22.99
TX12607,2026-08-07,S001,P001,3,29.99,89.97
TX12608,2026-08-07,S001,P001,1,29.99,29.99
TX12609,2026-08-07,S001,P001,1,29.99,29.99
TX12610,2026-08-07,S001,P002,2,89.99,179.98
TX12611,2026-08-07,S001,P002,1,89.99,89.99
TX12612,2026-08-07,S001,P003,3,39.99,119.97
TX12613,2026-08-07,S001,P003,1,39.99,39.99
TX12614,2026-08-07,S001,P004,2,149.99,299.98
TX12615,2026-08-07,S001,P006,2,34.99,69.98
TX12616,2026-08-07,S001,P007,2,9.99,19.98
TX12617,2026-08-07,S001,P007,1,9.99,9.99
TX12618,2026-08-07,S001,P007,3,9.99,29.97
TX12619,2026-08-07,S001,P007,1,9.99,9.99
TX12620,2026-08-07,S001,P007,1,9.99,9.99
TX12621,2026-08-07,S001,P008,3,12.99,38.97
TX12622,2026-08-07,S001,P008,2,12.99,25.98
TX12623,2026-08-07,S001,P009,1,14.99,14.99
TX12624,2026-08-07,S001,P009,1,14.99,14.99
TX12625,2026-08-07,S001,P009,1,14.99,14.99
TX12626,2026-08-07,S001,P009,2,14.99,29.98
TX12627,2026-08-07,S001,P009,2,14.99,29.98
TX12628,2026-08-07,S001,P009,2,14.99,29.98
TX12629,2026-08-07,S001,P011,1,24.99,24.99
TX12630,2026-08-07,S001,P011,2,24.99,49.98
TX12631,2026-08-07,S001,P011,1,24.99,24.99
TX12632,2026-08-07,S001,P013,1,22.99,22.99
TX12633,2026-08-07,S001,P013,2,22.99,45.98
TX12634,2026-08-07,S001,P013,1,22.99,22.99
TX12635,2026-08-07,S001,P015,3,11.99,35.97
TX12636,2026-08-07,S002,P001,2,29.99,59.98
TX12637,2026-08-07,S002,P001,1,29.99,29.99
TX12638,2026-08-07,S002,P002,2,89.99,179.98
TX12639,2026-08-07,S002,P003,1,39.99,39.99
TX12640,2026-08-07,S002,P003,3,39.99,119.97
TX12641,2026-08-07,S002,P003,1,39.99,39.99
TX12642,2026-08-07,S002,P006,1,34.99,34.99
TX12643,2026-08-07,S002,P007,1,9.99,9.99
TX12644,2026-08-07,S002,P007,3,9.99,29.97
TX12645,2026-08-07,S002,P007,1,9.99,9.99
TX12646,2026-08-07,S002,P008,2,12.99,25.98
TX12647,2026-08-07,S002,P009,2,14.99,29.98
TX12648,2026-08-07,S002,P009,2,14.99,29.98
TX12649,2026-08-07,S002,P011,1,24.99,24.99
TX12650,2026-08-07,S002,P012,2,59.99,119.98
TX12651,2026-08-07,S002,P013,1,22.99,22.99
TX12652,2026-08-07,S002,P013,1,22.99,22.99
TX12653,2026-08-07,S002,P015,1,11.99,11.99
TX12654,2026-08-07,S003,P001,2,29.99,59.98
TX12655,2026-08-07,S003,P002,2,89.99,179.98
TX12656,2026-08-07,S003,P003,1,39.99,39.99
TX12657,2026-08-07,S003,P004,1,149.99,149.99
TX12658,2026-08-07,S003,P006,2,34.99,69.98
TX12659,2026-08-07,S003,P007,3,9.99,29.97
TX12660,2026-08-07,S003,P008,3,12.99,38.97
TX12661,2026-08-07,S003,P008,1,12.99,12.99
TX12662,2026-08-07,S003,P009,2,14.99,29.98
TX12663,2026-08-07,S003,P009,2,14.99,29.98
TX12664,2026-08-07,S003,P010,1,19.99,19.99
TX12665,2026-08-07,S003,P011,1,24.99,24.99
TX12666,2026-08-07,S003,P012,1,59.99,59.99
TX12667,2026-08-07,S003,P012,1,59.99,59.99
TX12668,2026-08-07,S003,P013,2,22.99,45.98
TX12669,2026-08-07,S003,P015,1,11.99,11.99
TX12670,2026-08-07,S004,P001,1,29.99,29.99
TX12671,2026-08-07,S004,P002,1,89.99,89.99
TX12672,2026-08-07,S004,P003,2,39.99,79.98
TX12673,2026-08-07,S004,P003,1,39.99,39.99
TX12674,2026-08-07,S004,P004,1,149.99,149.99
TX12675,2026-08-07,S004,P007,3,9.99,29.97
TX12676,2026-08-07,S004,P007,3,9.99,29.97
TX12677,2026-08-07,S004,P008,2,12.99,25.98
TX12678,2026-08-07,S004,P008,1,12.99,12.99
TX12679,2026-08-07,S004,P009,2,14.99,29.98
TX12680,2026-08-07,S004,P009,1,14.99,14.99
TX12681,2026-08-07,S004,P010,1,19.99,19.99
TX12682,2026-08-07,S004,P013,1,22.99,22.99
TX12683,2026-08-07,S004,P015,2,11.99,23.98
TX12684,2026-08-08,S001,P001,2,29.99,59.98
TX12685,2026-08-08,S001,P001,1,29.99,29.99
TX12686,2026-08-08,S001,P001,3,29.99,89.97
TX12687,2026-08-08,S001,P001,1,29.99,29.99
TX12688,2026-08-08,S001,P002,3,89.99,269.97
TX12689,2026-08-08,S001,P003,2,39.99,79.98
TX12690,2026-08-08,S001,P003,2,39.99,79.98
TX12691,2026-08-08,S001,P004,2,149.99,299.98
TX12692,2026-08-08,S001,P005,1,49.99,49.99
TX12693,2026-08-08,S001,P006,2,34.99,69.98
TX12694,2026-08-08,S001,P006,1,34.99,34.99
TX12695,2026-08-08,S001,P006,1,34.99,34.99
TX12696,2026-08-08,S001,P007,3,9.99,29.97
TX12697,2026-08-08,S001,P007,1,9.99,9.99
TX12698,2026-08-08,S001,P007,2,9.99,19.98
TX12699,2026-08-08,S001,P007,2,9.99,19.98
TX12700,2026-08-08,S001,P007,2,9.99,19.98
TX12701,2026-08-08,S001,P008,2,12.99,25.98
TX12702,2026-08-08,S001,P008,3,12.99,38.97
TX12703,2026-08-08,S001,P008,2,12.99,25.98
TX12704,2026-08-08,S001,P008,1,12.99,12.99
TX12705,2026-08-08,S001,P009,1,14.99,14.99
TX12706,2026-08-08,S001,P009,3,14.99,44.97
TX12707,2026-08-08,S001,P009,2,14.99,29.98
TX12708,2026-08-08,S001,P009,3,14.99,44.97
TX12709,2026-08-08,S001,P009,3,14.99,44.97
TX12710,2026-08-08,S001,P010,2,19.99,39.98
TX12711,2026-08-08,S001,P010,1,19.99,19.99
TX12712,2026-08-08,S001,P010,1,19.99,19.99
TX12713,2026-08-08,S001,P011,2,24.99,49.98
TX12714,2026-08-08,S001,P012,1,59.99,59.99
TX12715,2026-08-08,S001,P013,3,22.99,68.97
TX12716,2026-08-08,S001,P013,1,22.99,22.99
TX12717,2026-08-08,S001,P014,1,32.99,32.99
TX12718,2026-08-08,S001,P015,1,11.99,11.99
TX12719,2026-08-08,S001,P015,1,11.99,11.99
TX12720,2026-08-08,S002,P001,3,29.99,89.97
TX12721,2026-08-08,S002,P001,1,29.99,29.99
TX12722,2026-08-08,S002,P001,1,29.99,29.99
TX12723,2026-08-08,S002,P002,1,89.99,89.99
TX12724,2026-08-08,S002,P002,1,89.99,89.99
TX12725,2026-08-08,S002,P003,1,39.99,39.99
TX12726,2026-08-08,S002,P004,1,149.99,149.99
TX12727,2026-08-08,S002,P006,2,34.99,69.98
TX12728,2026-08-08,S002,P006,3,34.99,104.97
TX12729,2026-08-08,S002,P007,2,9.99,19.98
TX12730,2026-08-08,S002,P007,1,9.99,9.99
TX12731,2026-08-08,S002,P008,3,12.99,38.97
TX12732,2026-08-08,S002,P009,1,14.99,14.99
TX12733,2026-08-08,S002,P009,1,14.99,14.99
TX12734,2026-08-08,S002,P009,3,14.99,44.97
TX12735,2026-08-08,S002,P009,1,14.99,14.99
TX12736,2026-08-08,S002,P009,1,14.99,14.99
TX12737,2026-08-08,S002,P010,3,19.99,59.97
TX12738,2026-08-08,S002,P010,2,19.99,39.98
TX12739,2026-08-08,S002,P010,1,19.99,19.99
TX12740,2026-08-08,S002,P012,1,59.99,59.99
TX12741,2026-08-08,S002,P013,1,22.99,22.99
TX12742,2026-08-08,S002,P013,2,22.99,45.98
TX12743,2026-08-08,S002,P013,1,22.99,22.99
TX12744,2026-08-08,S002,P015,2,11.99,23.98
TX12745,2026-08-08,S002,P015,2,11.99,23.98
TX12746,2026-08-08,S003,P001,1,29.99,29.99
TX12747,2026-08-08,S003,P001,1,29.99,29.99
TX12748,2026-08-08,S003,P001,3,29.99,89.97
TX12749,2026-08-08,S003,P002,1,89.99,89.99
TX12750,2026-08-08,S003,P003,1,39.99,39.99
TX12751,2026-08-08,S003,P003,1,39.99,39.99
TX12752,2026-08-08,S003,P004,1,149.99,149.99
TX12753,2026-08-08,S003,P006,2,34.99,69.98
TX12754,2026-08-08,S003,P007,1,9.99,9.99
TX12755,2026-08-08,S003,P007,1,9.99,9.99
TX12756,2026-08-08,S003,P007,2,9.99,19.98
TX12757,2026-08-08,S003,P008,1,12.99,12.99
TX12758,2026-08-08,S003,P008,1,12.99,12.99
TX12759,2026-08-08,S003,P008,1,12.99,12.99
TX12760,2026-08-08,S003,P009,2,14.99,29.98
TX12761,2026-08-08,S003,P010,1,19.99,19.99
TX12762,2026-08-08,S003,P010,2,19.99,39.98
TX12763,2026-08-08,S003,P011,2,24.99,49.98
TX12764,2026-08-08,S003,P011,1,24.99,24.99
TX12765,2026-08-08,S003,P012,1,59.99,59.99
TX12766,2026-08-08,S003,P013,1,22.99,22.99
TX12767,2026-08-08,S003,P015,1,11.99,11.99
TX12768,2026-08-08,S004,P002,1,89.99,89.99
TX12769,2026-08-08,S004,P003,1,39.99,39.99
TX12770,2026-08-08,S004,P003,2,39.99,79.98
TX12771,2026-08-08,S004,P006,2,34.99,69.98
TX12772,2026-08-08,S004,P007,2,9.99,19.98
TX12773,2026-08-08,S004,P008,2,12.99,25.98
TX12774,2026-08-08,S004,P009,2,14.99,29.98
TX12775,2026-08-08,S004,P010,1,19.99,19.99
TX12776,2026-08-08,S004,P011,1,24.99,24.99
TX12777,2026-08-08,S004,P015,1,11.99,11.99
TX12778,2026-08-08,S004,P015,2,11.99,23.98
TX12779,2026-08-09,S001,P001,2,29.99,59.98
TX12780,2026-08-09,S001,P001,2,29.99,59.98
TX12781,2026-08-09,S001,P001,1,29.99,29.99
TX12782,2026-08-09,S001,P001,1,29.99,29.99
TX12783,2026-08-09,S001,P001,2,29.99,59.98
TX12784,2026-08-09,S001,P002,1,89.99,89.99
TX12785,2026-08-09,S001,P003,3,39.99,119.97
TX12786,2026-08-09,S001,P003,2,39.99,79.98
TX12787,2026-08-09,S001,P004,1,149.99,149.99
TX12788,2026-08-09,S001,P006,2,34.99,69.98
TX12789,2026-08-09,S001,P007,3,9.99,29.97
TX12790,2026-08-09,S001,P007,1,9.99,9.99
TX12791,2026-08-09,S001,P007,1,9.99,9.99
TX12792,2026-08-09,S001,P008,2,12.99,25.98
TX12793,2026-08-09,S001,P009,2,14.99,29.98
TX12794,2026-08-09,S001,P009,2,14.99,29.98
TX12795,2026-08-09,S001,P009,3,14.99,44.97
TX12796,2026-08-09,S001,P009,3,14.99,44.97
TX12797,2026-08-09,S001,P009,1,14.99,14.99
TX12798,2026-08-09,S001,P009,1,14.99,14.99
TX12799,2026-08-09,S001,P009,2,14.99,29.98
TX12800,2026-08-09,S001,P010,3,19.99,59.97
TX12801,2026-08-09,S001,P012,1,59.99,59.99
TX12802,2026-08-09,S001,P013,2,22.99,45.98
TX12803,2026-08-09,S001,P013,3,22.99,68.97
TX12804,2026-08-09,S001,P013,1,22.99,22.99
TX12805,2026-08-09,S001,P015,1,11.99,11.99
TX12806,2026-08-09,S001,P015,2,11.99,23.98
TX12807,2026-08-09,S001,P015,2,11.99,23.98
TX12808,2026-08-09,S002,P001,1,29.99,29.99
TX12809,2026-08-09,S002,P001,1,29.99,29.99
TX12810,2026-08-09,S002,P001,1,29.99,29.99
TX12811,2026-08-09,S002,P001,1,29.99,29.99
TX12812,2026-08-09,S002,P002,2,89.99,179.98
TX12813,2026-08-09,S002,P003,1,39.99,39.99
TX12814,2026-08-09,S002,P003,1,39.99,39.99
TX12815,2026-08-09,S002,P003,1,39.99,39.99
TX12816,2026-08-09,S002,P005,1,49.99,49.99
TX12817,2026-08-09,S002,P006,1,34.99,34.99
TX12818,2026-08-09,S002,P007,2,9.99,19.98
TX12819,2026-08-09,S002,P007,2,9.99,19.98
TX12820,2026-08-09,S002,P007,1,9.99,9.99
TX12821,2026-08-09,S002,P008,2,12.99,25.98
TX12822,2026-08-09,S002,P008,1,12.99,12.99
TX12823,2026-08-09,S002,P009,3,14.99,44.97
TX12824,2026-08-09,S002,P011,1,24.99,24.99
TX12825,2026-08-09,S002,P012,1,59.99,59.99
TX12826,2026-08-09,S002,P012,1,59.99,59.99
TX12827,2026-08-09,S002,P013,3,22.99,68.97
TX12828,2026-08-09,S002,P013,2,22.99,45.98
TX12829,2026-08-09,S002,P015,2,11.99,23.98
TX12830,2026-08-09,S003,P001,1,29.99,29.99
TX12831,2026-08-09,S003,P001,1,29.99,29.99
TX12832,2026-08-09,S003,P001,1,29.99,29.99
TX12833,2026-08-09,S003,P002,1,89.99,89.99
TX12834,2026-08-09,S003,P002,1,89.99,89.99
TX12835,2026-08-09,S003,P003,1,39.99,39.99
TX12836,2026-08-09,S003,P005,1,49.99,49.99
TX12837,2026-08-09,S003,P006,2,34.99,69.98
TX12838,2026-08-09,S003,P007,3,9.99,29.97
TX12839,2026-08-09,S003,P008,3,12.99,38.97
TX12840,2026-08-09,S003,P008,2,12.99,25.98
TX12841,2026-08-09,S003,P009,1,14.99,14.99
TX12842,2026-08-09,S003,P010,1,19.99,19.99
TX12843,2026-08-09,S003,P012,1,59.99,59.99
TX12844,2026-08-09,S003,P013,1,22.99,22.99
TX12845,2026-08-09,S003,P015,2,11.99,23.98
TX12846,2026-08-09,S004,P001,2,29.99,59.98
TX12847,2026-08-09,S004,P001,2,29.99,59.98
TX12848,2026-08-09,S004,P003,1,39.99,39.99
TX12849,2026-08-09,S004,P003,1,39.99,39.99
TX12850,2026-08-09,S004,P006,1,34.99,34.99
TX12851,2026-08-09,S004,P007,2,9.99,19.98
TX12852,2026-08-09,S004,P007,1,9.99,9.99
TX12853,2026-08-09,S004,P007,2,9.99,19.98
TX12854,2026-08-09,S004,P008,3,12.99,38.97
TX12855,2026-08-09,S004,P008,1,12.99,12.99
TX12856,2026-08-09,S004,P009,1,14.99,14.99
TX12857,2026-08-09,S004,P013,1,22.99,22.99
TX12858,2026-08-10,S001,P001,3,29.99,89.97
TX12859,2026-08-10,S001,P001,3,29.99,89.97
TX12860,2026-08-10,S001,P001,2,29.99,59.98
TX12861,2026-08-10,S001,P001,1,29.99,29.99
TX12862,2026-08-10,S001,P002,1,89.99,89.99
TX12863,2026-08-10,S001,P003,1,39.99,39.99
TX12864,2026-08-10,S001,P003,1,39.99,39.99
TX12865,2026-08-10,S001,P003,1,39.99,39.99
TX12866,2026-08-10,S001,P004,2,149.99,299.98
TX12867,2026-08-10,S001,P006,1,34.99,34.99
TX12868,2026-08-10,S001,P006,3,34.99,104.97
TX12869,2026-08-10,S001,P007,2,9.99,19.98
TX12870,2026-08-10,S001,P007,3,9.99,29.97
TX12871,2026-08-10,S001,P008,3,12.99,38.97
TX12872,2026-08-10,S001,P008,2,12.99,25.98
TX12873,2026-08-10,S001,P008,1,12.99,12.99
TX12874,2026-08-10,S001,P008,3,12.99,38.97
TX12875,2026-08-10,S001,P009,1,14.99,14.99
TX12876,2026-08-10,S001,P009,1,14.99,14.99
TX12877,2026-08-10,S001,P009,3,14.99,44.97
TX12878,2026-08-10,S001,P009,3,14.99,44.97
TX12879,2026-08-10,S001,P009,1,14.99,14.99
TX12880,2026-08-10,S001,P009,3,14.99,44.97
TX12881,2026-08-10,S001,P010,3,19.99,59.97
TX12882,2026-08-10,S001,P010,1,19.99,19.99
TX12883,2026-08-10,S001,P011,1,24.99,24.99
TX12884,2026-08-10,S001,P012,1,59.99,59.99
TX12885,2026-08-10,S001,P013,3,22.99,68.97
TX12886,2026-08-10,S001,P013,1,22.99,22.99
TX12887,2026-08-10,S001,P015,1,11.99,11.99
TX12888,2026-08-10,S001,P015,3,11.99,35.97
TX12889,2026-08-10,S001,P015,1,11.99,11.99
TX12890,2026-08-10,S002,P001,3,29.99,89.97
TX12891,2026-08-10,S002,P002,2,89.99,179.98
TX12892,2026-08-10,S002,P003,2,39.99,79.98
TX12893,2026-08-10,S002,P004,1,149.99,149.99
TX12894,2026-08-10,S002,P004,1,149.99,149.99
TX12895,2026-08-10,S002,P006,2,34.99,69.98
TX12896,2026-08-10,S002,P007,1,9.99,9.99
TX12897,2026-08-10,S002,P007,2,9.99,19.98
TX12898,2026-08-10,S002,P008,1,12.99,12.99
TX12899,2026-08-10,S002,P008,3,12.99,38.97
TX12900,2026-08-10,S002,P008,1,12.99,12.99
TX12901,2026-08-10,S002,P009,2,14.99,29.98
TX12902,2026-08-10,S002,P009,3,14.99,44.97
TX12903,2026-08-10,S002,P009,1,14.99,14.99
TX12904,2026-08-10,S002,P010,2,19.99,39.98
TX12905,2026-08-10,S002,P011,2,24.99,49.98
TX12906,2026-08-10,S002,P012,1,59.99,59.99
TX12907,2026-08-10,S002,P013,2,22.99,45.98
TX12908,2026-08-10,S002,P013,1,22.99,22.99
TX12909,2026-08-10,S002,P015,1,11.99,11.99
TX12910,2026-08-10,S002,P015,1,11.99,11.99
TX12911,2026-08-10,S003,P001,2,29.99,59.98
TX12912,2026-08-10,S003,P001,1,29.99,29.99
TX12913,2026-08-10,S003,P001,3,29.99,89.97
TX12914,2026-08-10,S003,P001,1,29.99,29.99
TX12915,2026-08-10,S003,P001,1,29.99,29.99
TX12916,2026-08-10,S003,P002,1,89.99,89.99
TX12917,2026-08-10,S003,P003,1,39.99,39.99
TX12918,2026-08-10,S003,P003,1,39.99,39.99
TX12919,2026-08-10,S003,P007,1,9.99,9.99
TX12920,2026-08-10,S003,P008,3,12.99,38.97
TX12921,2026-08-10,S003,P008,1,12.99,12.99
TX12922,2026-08-10,S003,P009,3,14.99,44.97
TX12923,2026-08-10,S003,P011,1,24.99,24.99
TX12924,2026-08-10,S003,P013,1,22.99,22.99
TX12925,2026-08-10,S003,P013,2,22.99,45.98
TX12926,2026-08-10,S003,P013,1,22.99,22.99
TX12927,2026-08-10,S003,P015,2,11.99,23.98
TX12928,2026-08-10,S004,P001,2,29.99,59.98
TX12929,2026-08-10,S004,P002,1,89.99,89.99
TX12930,2026-08-10,S004,P003,1,39.99,39.99
TX12931,2026-08-10,S004,P006,1,34.99,34.99
TX12932,2026-08-10,S004,P007,2,9.99,19.98
TX12933,2026-08-10,S004,P008,2,12.99,25.98
TX12934,2026-08-10,S004,P009,1,14.99,14.99
TX12935,2026-08-10,S004,P010,1,19.99,19.99
TX12936,2026-08-10,S004,P013,1,22.99,22.99
TX12937,2026-08-10,S004,P015,2,11.99,23.98
TX12938,2026-08-10,S004,P015,1,11.99,11.99
TX12939,2026-08-11,S001,P001,2,29.99,59.98
TX12940,2026-08-11,S001,P001,1,29.99,29.99
TX12941,2026-08-11,S001,P001,3,29.99,89.97
TX12942,2026-08-11,S001,P001,2,29.99,59.98
TX12943,2026-08-11,S001,P002,2,89.99,179.98
TX12944,2026-08-11,S001,P003,1,39.99,39.99
TX12945,2026-08-11,S001,P003,3,39.99,119.97
TX12946,2026-08-11,S001,P004,2,149.99,299.98
TX12947,2026-08-11,S001,P006,1,34.99,34.99
TX12948,2026-08-11,S001,P007,1,9.99,9.99
TX12949,2026-08-11,S001,P007,3,9.99,29.97
TX12950,2026-08-11,S001,P007,2,9.99,19.98
TX12951,2026-08-11,S001,P007,3,9.99,29.97
TX12952,2026-08-11,S001,P007,1,9.99,9.99
TX12953,2026-08-11,S001,P008,3,12.99,38.97
TX12954,2026-08-11,S001,P008,1,12.99,12.99
TX12955,2026-08-11,S001,P008,1,12.99,12.99
TX12956,2026-08-11,S001,P008,1,12.99,12.99
TX12957,2026-08-11,S001,P008,2,12.99,25.98
TX12958,2026-08-11,S001,P009,2,14.99,29.98
TX12959,2026-08-11,S001,P009,3,14.99,44.97
TX12960,2026-08-11,S001,P009,1,14.99,14.99
TX12961,2026-08-11,S001,P010,1,19.99,19.99
TX12962,2026-08-11,S001,P011,2,24.99,49.98
TX12963,2026-08-11,S001,P011,3,24.99,74.97
TX12964,2026-08-11,S001,P012,1,59.99,59.99
TX12965,2026-08-11,S001,P013,1,22.99,22.99
TX12966,2026-08-11,S001,P013,1,22.99,22.99
TX12967,2026-08-11,S001,P013,2,22.99,45.98
TX12968,2026-08-11,S001,P013,2,22.99,45.98
TX12969,2026-08-11,S001,P015,1,11.99,11.99
TX12970,2026-08-11,S001,P015,1,11.99,11.99
TX12971,2026-08-11,S002,P001,1,29.99,29.99
TX12972,2026-08-11,S002,P001,3,29.99,89.97
TX12973,2026-08-11,S002,P001,1,29.99,29.99
TX12974,2026-08-11,S002,P002,1,89.99,89.99
TX12975,2026-08-11,S002,P003,3,39.99,119.97
TX12976,2026-08-11,S002,P003,1,39.99,39.99
TX12977,2026-08-11,S002,P005,1,49.99,49.99
TX12978,2026-08-11,S002,P006,1,34.99,34.99
TX12979,2026-08-11,S002,P007,1,9.99,9.99
TX12980,2026-08-11,S002,P007,1,9.99,9.99
TX12981,2026-08-11,S002,P007,1,9.99,9.99
TX12982,2026-08-11,S002,P007,1,9.99,9.99
TX12983,2026-08-11,S002,P007,1,9.99,9.99
TX12984,2026-08-11,S002,P008,1,12.99,12.99
TX12985,2026-08-11,S002,P008,2,12.99,25.98
TX12986,2026-08-11,S002,P009,3,14.99,44.97
TX12987,2026-08-11,S002,P009,3,14.99,44.97
TX12988,2026-08-11,S002,P009,3,14.99,44.97
TX12989,2026-08-11,S002,P009,1,14.99,14.99
TX12990,2026-08-11,S002,P010,1,19.99,19.99
TX12991,2026-08-11,S002,P010,1,19.99,19.99
TX12992,2026-08-11,S002,P011,1,24.99,24.99
TX12993,2026-08-11,S002,P011,1,24.99,24.99
TX12994,2026-08-11,S002,P012,1,59.99,59.99
TX12995,2026-08-11,S002,P013,1,22.99,22.99
TX12996,2026-08-11,S002,P013,3,22.99,68.97
TX12997,2026-08-11,S002,P013,1,22.99,22.99
TX12998,2026-08-11,S002,P013,1,22.99,22.99
TX12999,2026-08-11,S002,P015,1,11.99,11.99
TX13000,2026-08-11,S002,P015,3,11.99,35.97
TX13001,2026-08-11,S003,P001,2,29.99,59.98
TX13002,2026-08-11,S003,P003,1,39.99,39.99
TX13003,2026-08-11,S003,P003,1,39.99,39.99
TX13004,2026-08-11,S003,P005,1,49.99,49.99
TX13005,2026-08-11,S003,P006,2,34.99,69.98
TX13006,2026-08-11,S003,P007,1,9.99,9.99
TX13007,2026-08-11,S003,P008,3,12.99,38.97
TX13008,2026-08-11,S003,P009,2,14.99,29.98
TX13009,2026-08-11,S003,P010,1,19.99,19.99
TX13010,2026-08-11,S003,P012,1,59.99,59.99
TX13011,2026-08-11,S003,P013,1,22.99,22.99
TX13012,2026-08-11,S003,P014,1,32.99,32.99
TX13013,2026-08-11,S004,P001,2,29.99,59.98
TX13014,2026-08-11,S004,P002,3,89.99,269.97
TX13015,2026-08-11,S004,P003,1,39.99,39.99
TX13016,2026-08-11,S004,P004,1,149.99,149.99
TX13017,2026-08-11,S004,P006,1,34.99,34.99
TX13018,2026-08-11,S004,P007,2,9.99,19.98
TX13019,2026-08-11,S004,P007,1,9.99,9.99
TX13020,2026-08-11,S004,P007,1,9.99,9.99
TX13021,2026-08-11,S004,P008,2,12.99,25.98
TX13022,2026-08-11,S004,P009,3,14.99,44.97
TX13023,2026-08-11,S004,P010,1,19.99,19.99
TX13024,2026-08-11,S004,P010,1,19.99,19.99
TX13025,2026-08-11,S004,P013,2,22.99,45.98
TX13026,2026-08-11,S004,P015,1,11.99,11.99
TX13027,2026-08-12,S001,P001,3,29.99,89.97
TX13028,2026-08-12,S001,P001,2,29.99,59.98
TX13029,2026-08-12,S001,P001,1,29.99,29.99
TX13030,2026-08-12,S001,P001,2,29.99,59.98
TX13031,2026-08-12,S001,P001,1,29.99,29.99
TX13032,2026-08-12,S001,P002,1,89.99,89.99
TX13033,2026-08-12,S001,P003,2,39.99,79.98
TX13034,2026-08-12,S001,P003,1,39.99,39.99
TX13035,2026-08-12,S001,P004,2,149.99,299.98
TX13036,2026-08-12,S001,P006,3,34.99,104.97
TX13037,2026-08-12,S001,P007,2,9.99,19.98
TX13038,2026-08-12,S001,P007,2,9.99,19.98
TX13039,2026-08-12,S001,P007,1,9.99,9.99
TX13040,2026-08-12,S001,P007,2,9.99,19.98
TX13041,2026-08-12,S001,P007,1,9.99,9.99
TX13042,2026-08-12,S001,P008,1,12.99,12.99
TX13043,2026-08-12,S001,P008,1,12.99,12.99
TX13044,2026-08-12,S001,P009,2,14.99,29.98
TX13045,2026-08-12,S001,P009,1,14.99,14.99
TX13046,2026-08-12,S001,P009,1,14.99,14.99
TX13047,2026-08-12,S001,P009,2,14.99,29.98
TX13048,2026-08-12,S001,P009,3,14.99,44.97
TX13049,2026-08-12,S001,P010,1,19.99,19.99
TX13050,2026-08-12,S001,P010,2,19.99,39.98
TX13051,2026-08-12,S001,P010,1,19.99,19.99
TX13052,2026-08-12,S001,P012,2,59.99,119.98
TX13053,2026-08-12,S001,P013,2,22.99,45.98
TX13054,2026-08-12,S001,P013,2,22.99,45.98
TX13055,2026-08-12,S001,P013,3,22.99,68.97
TX13056,2026-08-12,S001,P014,1,32.99,32.99
TX13057,2026-08-12,S001,P015,1,11.99,11.99
TX13058,2026-08-12,S001,P015,2,11.99,23.98
TX13059,2026-08-12,S001,P015,1,11.99,11.99
TX13060,2026-08-12,S002,P001,2,29.99,59.98
TX13061,2026-08-12,S002,P002,1,89.99,89.99
TX13062,2026-08-12,S002,P002,1,89.99,89.99
TX13063,2026-08-12,S002,P003,2,39.99,79.98
TX13064,2026-08-12,S002,P004,1,149.99,149.99
TX13065,2026-08-12,S002,P005,1,49.99,49.99
TX13066,2026-08-12,S002,P006,1,34.99,34.99
TX13067,2026-08-12,S002,P007,1,9.99,9.99
TX13068,2026-08-12,S002,P007,3,9.99,29.97
TX13069,2026-08-12,S002,P007,3,9.99,29.97
TX13070,2026-08-12,S002,P008,1,12.99,12.99
TX13071,2026-08-12,S002,P008,1,12.99,12.99
TX13072,2026-08-12,S002,P008,1,12.99,12.99
TX13073,2026-08-12,S002,P009,2,14.99,29.98
TX13074,2026-08-12,S002,P009,3,14.99,44.97
TX13075,2026-08-12,S002,P009,3,14.99,44.97
TX13076,2026-08-12,S002,P009,1,14.99,14.99
TX13077,2026-08-12,S002,P010,1,19.99,19.99
TX13078,2026-08-12,S002,P010,1,19.99,19.99
TX13079,2026-08-12,S002,P010,1,19.99,19.99
TX13080,2026-08-12,S002,P011,2,24.99,49.98
TX13081,2026-08-12,S002,P013,3,22.99,68.97
TX13082,2026-08-12,S002,P013,1,22.99,22.99
TX13083,2026-08-12,S002,P015,3,11.99,35.97
TX13084,2026-08-12,S003,P001,1,29.99,29.99
TX13085,2026-08-12,S003,P001,2,29.99,59.98
TX13086,2026-08-12,S003,P001,1,29.99,29.99
TX13087,2026-08-12,S003,P002,2,89.99,179.98
TX13088,2026-08-12,S003,P003,2,39.99,79.98
TX13089,2026-08-12,S003,P003,1,39.99,39.99
TX13090,2026-08-12,S003,P004,1,149.99,149.99
TX13091,2026-08-12,S003,P005,1,49.99,49.99
TX13092,2026-08-12,S003,P007,3,9.99,29.97
TX13093,2026-08-12,S003,P007,1,9.99,9.99
TX13094,2026-08-12,S003,P007,1,9.99,9.99
TX13095,2026-08-12,S003,P008,2,12.99,25.98
TX13096,2026-08-12,S003,P009,1,14.99,14.99
TX13097,2026-08-12,S003,P009,3,14.99,44.97
TX13098,2026-08-12,S003,P012,1,59.99,59.99
TX13099,2026-08-12,S003,P013,3,22.99,68.97
TX13100,2026-08-12,S003,P013,1,22.99,22.99
TX13101,2026-08-12,S003,P013,2,22.99,45.98
TX13102,2026-08-12,S003,P015,1,11.99,11.99
TX13103,2026-08-12,S003,P015,2,11.99,23.98
TX13104,2026-08-12,S004,P002,1,89.99,89.99
TX13105,2026-08-12,S004,P006,1,34.99,34.99
TX13106,2026-08-12,S004,P007,2,9.99,19.98
TX13107,2026-08-12,S004,P007,2,9.99,19.98
TX13108,2026-08-12,S004,P008,2,12.99,25.98
TX13109,2026-08-12,S004,P009,2,14.99,29.98
TX13110,2026-08-12,S004,P010,2,19.99,39.98
TX13111,2026-08-12,S004,P011,2,24.99,49.98
TX13112,2026-08-12,S004,P011,1,24.99,24.99
TX13113,2026-08-12,S004,P013,1,22.99,22.99
TX13114,2026-08-13,S001,P001,3,29.99,89.97
TX13115,2026-08-13,S001,P001,2,29.99,59.98
TX13116,2026-08-13,S001,P002,1,89.99,89.99
TX13117,2026-08-13,S001,P003,1,39.99,39.99
TX13118,2026-08-13,S001,P003,3,39.99,119.97
TX13119,2026-08-13,S001,P004,2,149.99,299.98
TX13120,2026-08-13,S001,P006,2,34.99,69.98
TX13121,2026-08-13,S001,P007,1,9.99,9.99
TX13122,2026-08-13,S001,P007,2,9.99,19.98
TX13123,2026-08-13,S001,P007,2,9.99,19.98
TX13124,2026-08-13,S001,P007,1,9.99,9.99
TX13125,2026-08-13,S001,P008,1,12.99,12.99
TX13126,2026-08-13,S001,P008,3,12.99,38.97
TX13127,2026-08-13,S001,P008,1,12.99,12.99
TX13128,2026-08-13,S001,P008,1,12.99,12.99
TX13129,2026-08-13,S001,P009,1,14.99,14.99
TX13130,2026-08-13,S001,P009,1,14.99,14.99
TX13131,2026-08-13,S001,P009,2,14.99,29.98
TX13132,2026-08-13,S001,P009,3,14.99,44.97
TX13133,2026-08-13,S001,P009,1,14.99,14.99
TX13134,2026-08-13,S001,P010,3,19.99,59.97
TX13135,2026-08-13,S001,P011,3,24.99,74.97
TX13136,2026-08-13,S001,P011,1,24.99,24.99
TX13137,2026-08-13,S001,P012,2,59.99,119.98
TX13138,2026-08-13,S001,P013,1,22.99,22.99
TX13139,2026-08-13,S001,P013,1,22.99,22.99
TX13140,2026-08-13,S001,P013,1,22.99,22.99
TX13141,2026-08-13,S001,P014,1,32.99,32.99
TX13142,2026-08-13,S001,P015,2,11.99,23.98
TX13143,2026-08-13,S001,P015,3,11.99,35.97
TX13144,2026-08-13,S002,P001,1,29.99,29.99
TX13145,2026-08-13,S002,P001,2,29.99,59.98
TX13146,2026-08-13,S002,P002,1,89.99,89.99
TX13147,2026-08-13,S002,P003,3,39.99,119.97
TX13148,2026-08-13,S002,P003,1,39.99,39.99
TX13149,2026-08-13,S002,P006,2,34.99,69.98
TX13150,2026-08-13,S002,P006,1,34.99,34.99
TX13151,2026-08-13,S002,P007,2,9.99,19.98
TX13152,2026-08-13,S002,P007,3,9.99,29.97
TX13153,2026-08-13,S002,P007,1,9.99,9.99
TX13154,2026-08-13,S002,P008,2,12.99,25.98
TX13155,2026-08-13,S002,P009,2,14.99,29.98
TX13156,2026-08-13,S002,P009,2,14.99,29.98
TX13157,2026-08-13,S002,P009,1,14.99,14.99
TX13158,2026-08-13,S002,P009,3,14.99,44.97
TX13159,2026-08-13,S002,P010,2,19.99,39.98
TX13160,2026-08-13,S002,P010,1,19.99,19.99
TX13161,2026-08-13,S002,P010,1,19.99,19.99
TX13162,2026-08-13,S002,P011,2,24.99,49.98
TX13163,2026-08-13,S002,P012,3,59.99,179.97
TX13164,2026-08-13,S002,P013,2,22.99,45.98
TX13165,2026-08-13,S002,P015,1,11.99,11.99
TX13166,2026-08-13,S002,P015,1,11.99,11.99
TX13167,2026-08-13,S003,P001,3,29.99,89.97
TX13168,2026-08-13,S003,P002,1,89.99,89.99
TX13169,2026-08-13,S003,P004,1,149.99,149.99
TX13170,2026-08-13,S003,P006,1,34.99,34.99
TX13171,2026-08-13,S003,P007,1,9.99,9.99
TX13172,2026-08-13,S003,P007,2,9.99,19.98
TX13173,2026-08-13,S003,P008,1,12.99,12.99
TX13174,2026-08-13,S003,P008,1,12.99,12.99
TX13175,2026-08-13,S003,P008,1,12.99,12.99
TX13176,2026-08-13,S003,P009,1,14.99,14.99
TX13177,2026-08-13,S003,P009,2,14.99,29.98
TX13178,2026-08-13,S003,P010,1,19.99,19.99
TX13179,2026-08-13,S003,P011,1,24.99,24.99
TX13180,2026-08-13,S003,P011,1,24.99,24.99
TX13181,2026-08-13,S003,P012,1,59.99,59.99
TX13182,2026-08-13,S003,P013,1,22.99,22.99
TX13183,2026-08-13,S003,P013,1,22.99,22.99
TX13184,2026-08-13,S003,P015,1,11.99,11.99
TX13185,2026-08-13,S004,P001,1,29.99,29.99
TX13186,2026-08-13,S004,P002,1,89.99,89.99
TX13187,2026-08-13,S004,P003,1,39.99,39.99
TX13188,2026-08-13,S004,P008,1,12.99,12.99
TX13189,2026-08-13,S004,P009,3,14.99,44.97
TX13190,2026-08-14,S001,P001,3,29.99,89.97
TX13191,2026-08-14,S001,P002,3,89.99,269.97
TX13192,2026-08-14,S001,P002,1,89.99,89.99
TX13193,2026-08-14,S001,P003,3,39.99,119.97
TX13194,2026-08-14,S001,P003,1,39.99,39.99
TX13195,2026-08-14,S001,P004,1,149.99,149.99
TX13196,2026-08-14,S001,P004,1,149.99,149.99
TX13197,2026-08-14,S001,P004,2,149.99,299.98
TX13198,2026-08-14,S001,P006,2,34.99,69.98
TX13199,2026-08-14,S001,P007,2,9.99,19.98
TX13200,2026-08-14,S001,P007,1,9.99,9.99
TX13201,2026-08-14,S001,P007,1,9.99,9.99
TX13202,2026-08-14,S001,P007,3,9.99,29.97
TX13203,2026-08-14,S001,P007,2,9.99,19.98
TX13204,2026-08-14,S001,P008,2,12.99,25.98
TX13205,2026-08-14,S001,P008,3,12.99,38.97
TX13206,2026-08-14,S001,P009,2,14.99,29.98
TX13207,2026-08-14,S001,P009,1,14.99,14.99
TX13208,2026-08-14,S001,P009,3,14.99,44.97
TX13209,2026-08-14,S001,P009,3,14.99,44.97
TX13210,2026-08-14,S001,P009,3,14.99,44.97
TX13211,2026-08-14,S001,P010,2,19.99,39.98
TX13212,2026-08-14,S001,P010,1,19.99,19.99
TX13213,2026-08-14,S001,P010,1,19.99,19.99
TX13214,2026-08-14,S001,P012,1,59.99,59.99
TX13215,2026-08-14,S001,P012,1,59.99,59.99
TX13216,2026-08-14,S001,P013,1,22.99,22.99
TX13217,2026-08-14,S001,P013,1,22.99,22.99
TX13218,2026-08-14,S001,P013,1,22.99,22.99
TX13219,2026-08-14,S001,P013,1,22.99,22.99
TX13220,2026-08-14,S001,P014,1,32.99,32.99
TX13221,2026-08-14,S001,P015,2,11.99,23.98
TX13222,2026-08-14,S001,P015,2,11.99,23.98
TX13223,2026-08-14,S001,P015,1,11.99,11.99
TX13224,2026-08-14,S002,P001,2,29.99,59.98
TX13225,2026-08-14,S002,P001,1,29.99,29.99
TX13226,2026-08-14,S002,P001,1,29.99,29.99
TX13227,2026-08-14,S002,P002,1,89.99,89.99
TX13228,2026-08-14,S002,P003,2,39.99,79.98
TX13229,2026-08-14,S002,P003,2,39.99,79.98
TX13230,2026-08-14,S002,P004,1,149.99,149.99
TX13231,2026-08-14,S002,P006,1,34.99,34.99
TX13232,2026-08-14,S002,P007,1,9.99,9.99
TX13233,2026-08-14,S002,P007,1,9.99,9.99
TX13234,2026-08-14,S002,P008,3,12.99,38.97
TX13235,2026-08-14,S002,P008,1,12.99,12.99
TX13236,2026-08-14,S002,P008,1,12.99,12.99
TX13237,2026-08-14,S002,P009,3,14.99,44.97
TX13238,2026-08-14,S002,P010,1,19.99,19.99
TX13239,2026-08-14,S002,P010,1,19.99,19.99
TX13240,2026-08-14,S002,P011,1,24.99,24.99
TX13241,2026-08-14,S002,P012,2,59.99,119.98
TX13242,2026-08-14,S002,P012,1,59.99,59.99
TX13243,2026-08-14,S002,P013,3,22.99,68.97
TX13244,2026-08-14,S002,P013,1,22.99,22.99
TX13245,2026-08-14,S002,P015,1,11.99,11.99
TX13246,2026-08-14,S002,P015,3,11.99,35.97
TX13247,2026-08-14,S003,P001,1,29.99,29.99
TX13248,2026-08-14,S003,P001,3,29.99,89.97
TX13249,2026-08-14,S003,P002,1,89.99,89.99
TX13250,2026-08-14,S003,P003,1,39.99,39.99
TX13251,2026-08-14,S003,P003,1,39.99,39.99
TX13252,2026-08-14,S003,P004,1,149.99,149.99
TX13253,2026-08-14,S003,P006,3,34.99,104.97
TX13254,2026-08-14,S003,P007,2,9.99,19.98
TX13255,2026-08-14,S003,P008,1,12.99,12.99
TX13256,2026-08-14,S003,P009,1,14.99,14.99
TX13257,2026-08-14,S003,P009,3,14.99,44.97
TX13258,2026-08-14,S003,P010,1,19.99,19.99
TX13259,2026-08-14,S003,P011,1,24.99,24.99
TX13260,2026-08-14,S003,P011,1,24.99,24.99
TX13261,2026-08-14,S003,P012,1,59.99,59.99
TX13262,2026-08-14,S003,P014,1,32.99,32.99
TX13263,2026-08-14,S003,P015,1,11.99,11.99
TX13264,2026-08-14,S004,P001,2,29.99,59.98
TX13265,2026-08-14,S004,P001,1,29.99,29.99
TX13266,2026-08-14,S004,P003,1,39.99,39.99
TX13267,2026-08-14,S004,P007,2,9.99,19.98
TX13268,2026-08-14,S004,P008,1,12.99,12.99
TX13269,2026-08-14,S004,P009,3,14.99,44.97
TX13270,2026-08-14,S004,P009,2,14.99,29.98
TX13271,2026-08-14,S004,P010,2,19.99,39.98
TX13272,2026-08-14,S004,P011,1,24.99,24.99
TX13273,2026-08-14,S004,P013,1,22.99,22.99
TX13274,2026-08-14,S004,P013,1,22.99,22.99
TX13275,2026-08-14,S004,P015,1,11.99,11.99
TX13276,2026-08-14,S004,P015,1,11.99,11.99
TX13277,2026-08-15,S001,P001,3,29.99,89.97
TX13278,2026-08-15,S001,P002,1,89.99,89.99
TX13279,2026-08-15,S001,P002,1,89.99,89.99
TX13280,2026-08-15,S001,P003,2,39.99,79.98
TX13281,2026-08-15,S001,P003,1,39.99,39.99
TX13282,2026-08-15,S001,P003,1,39.99,39.99
TX13283,2026-08-15,S001,P004,1,149.99,149.99
TX13284,2026-08-15,S001,P006,1,34.99,34.99
TX13285,2026-08-15,S001,P007,1,9.99,9.99
TX13286,2026-08-15,S001,P007,3,9.99,29.97
TX13287,2026-08-15,S001,P007,2,9.99,19.98
TX13288,2026-08-15,S001,P007,3,9.99,29.97
TX13289,2026-08-15,S001,P007,2,9.99,19.98
TX13290,2026-08-15,S001,P008,2,12.99,25.98
TX13291,2026-08-15,S001,P008,2,12.99,25.98
TX13292,2026-08-15,S001,P008,3,12.99,38.97
TX13293,2026-08-15,S001,P008,1,12.99,12.99
TX13294,2026-08-15,S001,P008,1,12.99,12.99
TX13295,2026-08-15,S001,P009,3,14.99,44.97
TX13296,2026-08-15,S001,P009,1,14.99,14.99
TX13297,2026-08-15,S001,P009,3,14.99,44.97
TX13298,2026-08-15,S001,P009,2,14.99,29.98
TX13299,2026-08-15,S001,P010,2,19.99,39.98
TX13300,2026-08-15,S001,P010,1,19.99,19.99
TX13301,2026-08-15,S001,P010,1,19.99,19.99
TX13302,2026-08-15,S001,P010,1,19.99,19.99
TX13303,2026-08-15,S001,P011,1,24.99,24.99
TX13304,2026-08-15,S001,P011,1,24.99,24.99
TX13305,2026-08-15,S001,P011,2,24.99,49.98
TX13306,2026-08-15,S001,P012,2,59.99,119.98
TX13307,2026-08-15,S001,P013,3,22.99,68.97
TX13308,2026-08-15,S001,P013,2,22.99,45.98
TX13309,2026-08-15,S001,P015,2,11.99,23.98
TX13310,2026-08-15,S001,P015,2,11.99,23.98
TX13311,2026-08-15,S002,P001,1,29.99,29.99
TX13312,2026-08-15,S002,P001,2,29.99,59.98
TX13313,2026-08-15,S002,P002,2,89.99,179.98
TX13314,2026-08-15,S002,P002,1,89.99,89.99
TX13315,2026-08-15,S002,P003,2,39.99,79.98
TX13316,2026-08-15,S002,P003,1,39.99,39.99
TX13317,2026-08-15,S002,P004,2,149.99,299.98
TX13318,2026-08-15,S002,P006,3,34.99,104.97
TX13319,2026-08-15,S002,P007,1,9.99,9.99
TX13320,2026-08-15,S002,P008,2,12.99,25.98
TX13321,2026-08-15,S002,P008,1,12.99,12.99
TX13322,2026-08-15,S002,P008,1,12.99,12.99
TX13323,2026-08-15,S002,P009,3,14.99,44.97
TX13324,2026-08-15,S002,P009,1,14.99,14.99
TX13325,2026-08-15,S002,P010,2,19.99,39.98
TX13326,2026-08-15,S002,P012,1,59.99,59.99
TX13327,2026-08-15,S002,P013,3,22.99,68.97
TX13328,2026-08-15,S002,P015,2,11.99,23.98
TX13329,2026-08-15,S003,P001,1,29.99,29.99
TX13330,2026-08-15,S003,P001,3,29.99,89.97
TX13331,2026-08-15,S003,P002,1,89.99,89.99
TX13332,2026-08-15,S003,P003,1,39.99,39.99
TX13333,2026-08-15,S003,P003,1,39.99,39.99
TX13334,2026-08-15,S003,P006,1,34.99,34.99
TX13335,2026-08-15,S003,P006,1,34.99,34.99
TX13336,2026-08-15,S003,P007,2,9.99,19.98
TX13337,2026-08-15,S003,P009,3,14.99,44.97
TX13338,2026-08-15,S003,P009,1,14.99,14.99
TX13339,2026-08-15,S003,P009,1,14.99,14.99
TX13340,2026-08-15,S003,P010,1,19.99,19.99
TX13341,2026-08-15,S003,P011,2,24.99,49.98
TX13342,2026-08-15,S003,P012,1,59.99,59.99
TX13343,2026-08-15,S003,P013,1,22.99,22.99
TX13344,2026-08-15,S003,P013,1,22.99,22.99
TX13345,2026-08-15,S003,P015,1,11.99,11.99
TX13346,2026-08-15,S003,P015,1,11.99,11.99
TX13347,2026-08-15,S004,P001,2,29.99,59.98
TX13348,2026-08-15,S004,P005,1,49.99,49.99
TX13349,2026-08-15,S004,P007,1,9.99,9.99
TX13350,2026-08-15,S004,P008,1,12.99,12.99
TX13351,2026-08-15,S004,P013,1,22.99,22.99
TX13352,2026-08-16,S001,P001,1,29.99,29.99
TX13353,2026-08-16,S001,P001,1,29.99,29.99
TX13354,2026-08-16,S001,P001,2,29.99,59.98
TX13355,2026-08-16,S001,P001,2,29.99,59.98
TX13356,2026-08-16,S001,P001,3,29.99,89.97
TX13357,2026-08-16,S001,P001,3,29.99,89.97
TX13358,2026-08-16,S001,P002,2,89.99,179.98
TX13359,2026-08-16,S001,P003,2,39.99,79.98
TX13360,2026-08-16,S001,P003,1,39.99,39.99
TX13361,2026-08-16,S001,P003,1,39.99,39.99
TX13362,2026-08-16,S001,P003,1,39.99,39.99
TX13363,2026-08-16,S001,P004,2,149.99,299.98
TX13364,2026-08-16,S001,P004,1,149.99,149.99
TX13365,2026-08-16,S001,P006,1,34.99,34.99
TX13366,2026-08-16,S001,P006,3,34.99,104.97
TX13367,2026-08-16,S001,P007,3,9.99,29.97
TX13368,2026-08-16,S001,P007,2,9.99,19.98
TX13369,2026-08-16,S001,P007,1,9.99,9.99
TX13370,2026-08-16,S001,P008,1,12.99,12.99
TX13371,2026-08-16,S001,P008,2,12.99,25.98
TX13372,2026-08-16,S001,P009,2,14.99,29.98
TX13373,2026-08-16,S001,P010,2,19.99,39.98
TX13374,2026-08-16,S001,P010,1,19.99,19.99
TX13375,2026-08-16,S001,P010,1,19.99,19.99
TX13376,2026-08-16,S001,P011,1,24.99,24.99
TX13377,2026-08-16,S001,P012,1,59.99,59.99
TX13378,2026-08-16,S001,P013,3,22.99,68.97
TX13379,2026-08-16,S001,P013,3,22.99,68.97
TX13380,2026-08-16,S001,P013,1,22.99,22.99
TX13381,2026-08-16,S001,P015,3,11.99,35.97
TX13382,2026-08-16,S002,P001,2,29.99,59.98
TX13383,2026-08-16,S002,P001,1,29.99,29.99
TX13384,2026-08-16,S002,P001,1,29.99,29.99
TX13385,2026-08-16,S002,P003,2,39.99,79.98
TX13386,2026-08-16,S002,P003,2,39.99,79.98
TX13387,2026-08-16,S002,P003,1,39.99,39.99
TX13388,2026-08-16,S002,P004,1,149.99,149.99
TX13389,2026-08-16,S002,P005,1,49.99,49.99
TX13390,2026-08-16,S002,P006,1,34.99,34.99
TX13391,2026-08-16,S002,P007,1,9.99,9.99
TX13392,2026-08-16,S002,P007,2,9.99,19.98
TX13393,2026-08-16,S002,P008,2,12.99,25.98
TX13394,2026-08-16,S002,P008,2,12.99,25.98
TX13395,2026-08-16,S002,P008,1,12.99,12.99
TX13396,2026-08-16,S002,P009,1,14.99,14.99
TX13397,2026-08-16,S002,P010,1,19.99,19.99
TX13398,2026-08-16,S002,P010,1,19.99,19.99
TX13399,2026-08-16,S002,P012,1,59.99,59.99
TX13400,2026-08-16,S002,P013,1,22.99,22.99
TX13401,2026-08-16,S002,P013,1,22.99,22.99
TX13402,2026-08-16,S002,P014,1,32.99,32.99
TX13403,2026-08-16,S002,P015,2,11.99,23.98
TX13404,2026-08-16,S002,P015,1,11.99,11.99
TX13405,2026-08-16,S003,P001,3,29.99,89.97
TX13406,2026-08-16,S003,P001,1,29.99,29.99
TX13407,2026-08-16,S003,P003,2,39.99,79.98
TX13408,2026-08-16,S003,P006,1,34.99,34.99
TX13409,2026-08-16,S003,P006,1,34.99,34.99
TX13410,2026-08-16,S003,P007,2,9.99,19.98
TX13411,2026-08-16,S003,P007,1,9.99,9.99
TX13412,2026-08-16,S003,P008,2,12.99,25.98
TX13413,2026-08-16,S003,P008,1,12.99,12.99
TX13414,2026-08-16,S003,P009,3,14.99,44.97
TX13415,2026-08-16,S003,P010,2,19.99,39.98
TX13416,2026-08-16,S003,P012,1,59.99,59.99
TX13417,2026-08-16,S003,P013,1,22.99,22.99
TX13418,2026-08-16,S004,P001,1,29.99,29.99
TX13419,2026-08-16,S004,P003,2,39.99,79.98
TX13420,2026-08-16,S004,P003,1,39.99,39.99
TX13421,2026-08-16,S004,P004,1,149.99,149.99
TX13422,2026-08-16,S004,P006,1,34.99,34.99
TX13423,2026-08-16,S004,P006,2,34.99,69.98
TX13424,2026-08-16,S004,P007,1,9.99,9.99
TX13425,2026-08-16,S004,P008,1,12.99,12.99
TX13426,2026-08-16,S004,P009,3,14.99,44.97
TX13427,2026-08-16,S004,P009,1,14.99,14.99
TX13428,2026-08-16,S004,P009,1,14.99,14.99
TX13429,2026-08-16,S004,P010,1,19.99,19.99
TX13430,2026-08-17,S001,P001,1,29.99,29.99
TX13431,2026-08-17,S001,P001,2,29.99,59.98
TX13432,2026-08-17,S001,P001,2,29.99,59.98
TX13433,2026-08-17,S001,P001,2,29.99,59.98
TX13434,2026-08-17,S001,P001,1,29.99,29.99
TX13435,2026-08-17,S001,P002,3,89.99,269.97
TX13436,2026-08-17,S001,P003,3,39.99,119.97
TX13437,2026-08-17,S001,P003,2,39.99,79.98
TX13438,2026-08-17,S001,P003,2,39.99,79.98
TX13439,2026-08-17,S001,P004,1,149.99,149.99
TX13440,2026-08-17,S001,P004,2,149.99,299.98
TX13441,2026-08-17,S001,P005,1,49.99,49.99
TX13442,2026-08-17,S001,P006,2,34.99,69.98
TX13443,2026-08-17,S001,P006,1,34.99,34.99
TX13444,2026-08-17,S001,P007,2,9.99,19.98
TX13445,2026-08-17,S001,P007,1,9.99,9.99
TX13446,2026-08-17,S001,P007,3,9.99,29.97
TX13447,2026-08-17,S001,P007,1,9.99,9.99
TX13448,2026-08-17,S001,P008,3,12.99,38.97
TX13449,2026-08-17,S001,P008,3,12.99,38.97
TX13450,2026-08-17,S001,P009,1,14.99,14.99
TX13451,2026-08-17,S001,P009,3,14.99,44.97
TX13452,2026-08-17,S001,P009,2,14.99,29.98
TX13453,2026-08-17,S001,P010,1,19.99,19.99
TX13454,2026-08-17,S001,P010,2,19.99,39.98
TX13455,2026-08-17,S001,P011,2,24.99,49.98
TX13456,2026-08-17,S001,P012,1,59.99,59.99
TX13457,2026-08-17,S001,P013,1,22.99,22.99
TX13458,2026-08-17,S001,P013,2,22.99,45.98
TX13459,2026-08-17,S001,P013,2,22.99,45.98
TX13460,2026-08-17,S001,P013,1,22.99,22.99
TX13461,2026-08-17,S001,P015,1,11.99,11.99
TX13462,2026-08-17,S001,P015,2,11.99,23.98
TX13463,2026-08-17,S002,P001,3,29.99,89.97
TX13464,2026-08-17,S002,P001,2,29.99,59.98
TX13465,2026-08-17,S002,P001,1,29.99,29.99
TX13466,2026-08-17,S002,P001,1,29.99,29.99
TX13467,2026-08-17,S002,P002,1,89.99,89.99
TX13468,2026-08-17,S002,P003,1,39.99,39.99
TX13469,2026-08-17,S002,P006,2,34.99,69.98
TX13470,2026-08-17,S002,P006,1,34.99,34.99
TX13471,2026-08-17,S002,P007,1,9.99,9.99
TX13472,2026-08-17,S002,P007,3,9.99,29.97
TX13473,2026-08-17,S002,P007,2,9.99,19.98
TX13474,2026-08-17,S002,P007,2,9.99,19.98
TX13475,2026-08-17,S002,P008,1,12.99,12.99
TX13476,2026-08-17,S002,P008,2,12.99,25.98
TX13477,2026-08-17,S002,P008,2,12.99,25.98
TX13478,2026-08-17,S002,P009,2,14.99,29.98
TX13479,2026-08-17,S002,P009,3,14.99,44.97
TX13480,2026-08-17,S002,P009,2,14.99,29.98
TX13481,2026-08-17,S002,P009,1,14.99,14.99
TX13482,2026-08-17,S002,P010,2,19.99,39.98
TX13483,2026-08-17,S002,P011,1,24.99,24.99
TX13484,2026-08-17,S002,P013,2,22.99,45.98
TX13485,2026-08-17,S002,P013,1,22.99,22.99
TX13486,2026-08-17,S002,P015,1,11.99,11.99
TX13487,2026-08-17,S003,P001,2,29.99,59.98
TX13488,2026-08-17,S003,P001,1,29.99,29.99
TX13489,2026-08-17,S003,P002,3,89.99,269.97
TX13490,2026-08-17,S003,P003,1,39.99,39.99
TX13491,2026-08-17,S003,P005,1,49.99,49.99
TX13492,2026-08-17,S003,P006,1,34.99,34.99
TX13493,2026-08-17,S003,P007,1,9.99,9.99
TX13494,2026-08-17,S003,P007,1,9.99,9.99
TX13495,2026-08-17,S003,P007,2,9.99,19.98
TX13496,2026-08-17,S003,P008,2,12.99,25.98
TX13497,2026-08-17,S003,P009,2,14.99,29.98
TX13498,2026-08-17,S003,P009,1,14.99,14.99
TX13499,2026-08-17,S003,P010,2,19.99,39.98
TX13500,2026-08-17,S003,P011,1,24.99,24.99
TX13501,2026-08-17,S003,P013,1,22.99,22.99
TX13502,2026-08-17,S003,P013,1,22.99,22.99
TX13503,2026-08-17,S003,P015,1,11.99,11.99
TX13504,2026-08-17,S004,P001,1,29.99,29.99
TX13505,2026-08-17,S004,P002,1,89.99,89.99
TX13506,2026-08-17,S004,P004,2,149.99,299.98
TX13507,2026-08-17,S004,P006,1,34.99,34.99
TX13508,2026-08-17,S004,P007,2,9.99,19.98
TX13509,2026-08-17,S004,P012,1,59.99,59.99
TX13510,2026-08-17,S004,P015,1,11.99,11.99
TX13511,2026-08-17,S004,P015,1,11.99,11.99
TX13512,2026-08-18,S001,P001,2,29.99,59.98
TX13513,2026-08-18,S001,P001,1,29.99,29.99
TX13514,2026-08-18,S001,P001,3,29.99,89.97
TX13515,2026-08-18,S001,P001,1,29.99,29.99
TX13516,2026-08-18,S001,P002,1,89.99,89.99
TX13517,2026-08-18,S001,P003,3,39.99,119.97
TX13518,2026-08-18,S001,P003,2,39.99,79.98
TX13519,2026-08-18,S001,P006,1,34.99,34.99
TX13520,2026-08-18,S001,P007,3,9.99,29.97
TX13521,2026-08-18,S001,P007,1,9.99,9.99
TX13522,2026-08-18,S001,P007,1,9.99,9.99
TX13523,2026-08-18,S001,P008,2,12.99,25.98
TX13524,2026-08-18,S001,P008,2,12.99,25.98
TX13525,2026-08-18,S001,P008,2,12.99,25.98
TX13526,2026-08-18,S001,P009,3,14.99,44.97
TX13527,2026-08-18,S001,P009,3,14.99,44.97
TX13528,2026-08-18,S001,P009,3,14.99,44.97
TX13529,2026-08-18,S001,P009,1,14.99,14.99
TX13530,2026-08-18,S001,P010,1,19.99,19.99
TX13531,2026-08-18,S001,P010,2,19.99,39.98
TX13532,2026-08-18,S001,P010,1,19.99,19.99
TX13533,2026-08-18,S001,P011,1,24.99,24.99
TX13534,2026-08-18,S001,P012,1,59.99,59.99
TX13535,2026-08-18,S001,P013,2,22.99,45.98
TX13536,2026-08-18,S001,P013,2,22.99,45.98
TX13537,2026-08-18,S001,P013,1,22.99,22.99
TX13538,2026-08-18,S001,P013,1,22.99,22.99
TX13539,2026-08-18,S001,P013,3,22.99,68.97
TX13540,2026-08-18,S001,P015,1,11.99,11.99
TX13541,2026-08-18,S001,P015,2,11.99,23.98
TX13542,2026-08-18,S001,P015,2,11.99,23.98
TX13543,2026-08-18,S001,P015,1,11.99,11.99
TX13544,2026-08-18,S002,P001,2,29.99,59.98
TX13545,2026-08-18,S002,P002,1,89.99,89.99
TX13546,2026-08-18,S002,P003,3,39.99,119.97
TX13547,2026-08-18,S002,P003,1,39.99,39.99
TX13548,2026-08-18,S002,P006,2,34.99,69.98
TX13549,2026-08-18,S002,P006,1,34.99,34.99
TX13550,2026-08-18,S002,P007,1,9.99,9.99
TX13551,2026-08-18,S002,P007,1,9.99,9.99
TX13552,2026-08-18,S002,P008,3,12.99,38.97
TX13553,2026-08-18,S002,P008,3,12.99,38.97
TX13554,2026-08-18,S002,P009,1,14.99,14.99
TX13555,2026-08-18,S002,P010,2,19.99,39.98
TX13556,2026-08-18,S002,P010,1,19.99,19.99
TX13557,2026-08-18,S002,P012,2,59.99,119.98
TX13558,2026-08-18,S002,P012,1,59.99,59.99
TX13559,2026-08-18,S002,P014,1,32.99,32.99
TX13560,2026-08-18,S002,P015,1,11.99,11.99
TX13561,2026-08-18,S002,P015,1,11.99,11.99
TX13562,2026-08-18,S003,P003,1,39.99,39.99
TX13563,2026-08-18,S003,P006,1,34.99,34.99
TX13564,2026-08-18,S003,P007,1,9.99,9.99
TX13565,2026-08-18,S003,P008,3,12.99,38.97
TX13566,2026-08-18,S003,P009,1,14.99,14.99
TX13567,2026-08-18,S003,P009,3,14.99,44.97
TX13568,2026-08-18,S003,P010,1,19.99,19.99
TX13569,2026-08-18,S003,P011,1,24.99,24.99
TX13570,2026-08-18,S003,P012,1,59.99,59.99
TX13571,2026-08-18,S003,P012,1,59.99,59.99
TX13572,2026-08-18,S003,P013,1,22.99,22.99
TX13573,2026-08-18,S003,P013,2,22.99,45.98
TX13574,2026-08-18,S003,P013,2,22.99,45.98
TX13575,2026-08-18,S003,P014,1,32.99,32.99
TX13576,2026-08-18,S003,P015,2,11.99,23.98
TX13577,2026-08-18,S003,P015,1,11.99,11.99
TX13578,2026-08-18,S004,P001,1,29.99,29.99
TX13579,2026-08-18,S004,P002,3,89.99,269.97
TX13580,2026-08-18,S004,P003,1,39.99,39.99
TX13581,2026-08-18,S004,P003,1,39.99,39.99
TX13582,2026-08-18,S004,P006,1,34.99,34.99
TX13583,2026-08-18,S004,P007,1,9.99,9.99
TX13584,2026-08-18,S004,P008,1,12.99,12.99
TX13585,2026-08-18,S004,P009,2,14.99,29.98
TX13586,2026-08-18,S004,P013,1,22.99,22.99
TX13587,2026-08-18,S004,P013,2,22.99,45.98
TX13588,2026-08-19,S001,P001,3,29.99,89.97
TX13589,2026-08-19,S001,P001,1,29.99,29.99
TX13590,2026-08-19,S001,P001,2,29.99,59.98
TX13591,2026-08-19,S001,P001,1,29.99,29.99
TX13592,2026-08-19,S001,P002,2,89.99,179.98
TX13593,2026-08-19,S001,P003,2,39.99,79.98
TX13594,2026-08-19,S001,P003,1,39.99,39.99
TX13595,2026-08-19,S001,P003,3,39.99,119.97
TX13596,2026-08-19,S001,P003,1,39.99,39.99
TX13597,2026-08-19,S001,P004,1,149.99,149.99
TX13598,2026-08-19,S001,P005,2,49.99,99.98
TX13599,2026-08-19,S001,P006,3,34.99,104.97
TX13600,2026-08-19,S001,P006,1,34.99,34.99
TX13601,2026-08-19,S001,P006,3,34.99,104.97
TX13602,2026-08-19,S001,P007,1,9.99,9.99
TX13603,2026-08-19,S001,P007,2,9.99,19.98
TX13604,2026-08-19,S001,P008,1,12.99,12.99
TX13605,2026-08-19,S001,P008,2,12.99,25.98
TX13606,2026-08-19,S001,P008,2,12.99,25.98
TX13607,2026-08-19,S001,P008,1,12.99,12.99
TX13608,2026-08-19,S001,P009,2,14.99,29.98
TX13609,2026-08-19,S001,P009,1,14.99,14.99
TX13610,2026-08-19,S001,P009,2,14.99,29.98
TX13611,2026-08-19,S001,P009,2,14.99,29.98
TX13612,2026-08-19,S001,P010,1,19.99,19.99
TX13613,2026-08-19,S001,P011,1,24.99,24.99
TX13614,2026-08-19,S001,P013,3,22.99,68.97
TX13615,2026-08-19,S001,P013,1,22.99,22.99
TX13616,2026-08-19,S001,P015,3,11.99,35.97
TX13617,2026-08-19,S001,P015,1,11.99,11.99
TX13618,2026-08-19,S002,P001,3,29.99,89.97
TX13619,2026-08-19,S002,P002,2,89.99,179.98
TX13620,2026-08-19,S002,P003,3,39.99,119.97
TX13621,2026-08-19,S002,P004,1,149.99,149.99
TX13622,2026-08-19,S002,P004,1,149.99,149.99
TX13623,2026-08-19,S002,P006,2,34.99,69.98
TX13624,2026-08-19,S002,P007,2,9.99,19.98
TX13625,2026-08-19,S002,P007,3,9.99,29.97
TX13626,2026-08-19,S002,P007,1,9.99,9.99
TX13627,2026-08-19,S002,P007,3,9.99,29.97
TX13628,2026-08-19,S002,P008,3,12.99,38.97
TX13629,2026-08-19,S002,P009,2,14.99,29.98
TX13630,2026-08-19,S002,P009,3,14.99,44.97
TX13631,2026-08-19,S002,P011,3,24.99,74.97
TX13632,2026-08-19,S002,P013,1,22.99,22.99
TX13633,2026-08-19,S002,P013,3,22.99,68.97
TX13634,2026-08-19,S002,P015,1,11.99,11.99
TX13635,2026-08-19,S003,P001,2,29.99,59.98
TX13636,2026-08-19,S003,P001,1,29.99,29.99
TX13637,2026-08-19,S003,P001,1,29.99,29.99
TX13638,2026-08-19,S003,P002,2,89.99,179.98
TX13639,2026-08-19,S003,P002,1,89.99,89.99
TX13640,2026-08-19,S003,P003,1,39.99,39.99
TX13641,2026-08-19,S003,P006,1,34.99,34.99
TX13642,2026-08-19,S003,P007,1,9.99,9.99
TX13643,2026-08-19,S003,P008,1,12.99,12.99
TX13644,2026-08-19,S003,P008,2,12.99,25.98
TX13645,2026-08-19,S003,P009,2,14.99,29.98
TX13646,2026-08-19,S003,P009,2,14.99,29.98
TX13647,2026-08-19,S003,P009,3,14.99,44.97
TX13648,2026-08-19,S003,P010,1,19.99,19.99
TX13649,2026-08-19,S003,P010,1,19.99,19.99
TX13650,2026-08-19,S003,P013,1,22.99,22.99
TX13651,2026-08-19,S003,P015,2,11.99,23.98
TX13652,2026-08-19,S003,P015,1,11.99,11.99
TX13653,2026-08-19,S003,P015,1,11.99,11.99
TX13654,2026-08-19,S004,P001,3,29.99,89.97
TX13655,2026-08-19,S004,P003,3,39.99,119.97
TX13656,2026-08-19,S004,P004,1,149.99,149.99
TX13657,2026-08-19,S004,P007,3,9.99,29.97
TX13658,2026-08-19,S004,P009,1,14.99,14.99
TX13659,2026-08-19,S004,P009,1,14.99,14.99
TX13660,2026-08-19,S004,P010,1,19.99,19.99
TX13661,2026-08-19,S004,P011,1,24.99,24.99
TX13662,2026-08-19,S004,P013,2,22.99,45.98
TX13663,2026-08-19,S004,P015,1,11.99,11.99
TX13664,2026-08-19,S004,P015,1,11.99,11.99
TX13665,2026-08-20,S001,P001,2,29.99,59.98
TX13666,2026-08-20,S001,P001,2,29.99,59.98
TX13667,2026-08-20,S001,P001,3,29.99,89.97
TX13668,2026-08-20,S001,P001,1,29.99,29.99
TX13669,2026-08-20,S001,P002,1,89.99,89.99
TX13670,2026-08-20,S001,P003,1,39.99,39.99
TX13671,2026-08-20,S001,P003,2,39.99,79.98
TX13672,2026-08-20,S001,P004,1,149.99,149.99
TX13673,2026-08-20,S001,P004,1,149.99,149.99
TX13674,2026-08-20,S001,P006,2,34.99,69.98
TX13675,2026-08-20,S001,P006,3,34.99,104.97
TX13676,2026-08-20,S001,P007,3,9.99,29.97
TX13677,2026-08-20,S001,P007,3,9.99,29.97
TX13678,2026-08-20,S001,P007,1,9.99,9.99
TX13679,2026-08-20,S001,P008,2,12.99,25.98
TX13680,2026-08-20,S001,P008,3,12.99,38.97
TX13681,2026-08-20,S001,P008,2,12.99,25.98
TX13682,2026-08-20,S001,P009,2,14.99,29.98
TX13683,2026-08-20,S001,P009,3,14.99,44.97
TX13684,2026-08-20,S001,P009,2,14.99,29.98
TX13685,2026-08-20,S001,P009,2,14.99,29.98
TX13686,2026-08-20,S001,P009,1,14.99,14.99
TX13687,2026-08-20,S001,P009,1,14.99,14.99
TX13688,2026-08-20,S001,P011,2,24.99,49.98
TX13689,2026-08-20,S001,P012,1,59.99,59.99
TX13690,2026-08-20,S001,P012,1,59.99,59.99
TX13691,2026-08-20,S001,P013,2,22.99,45.98
TX13692,2026-08-20,S001,P013,1,22.99,22.99
TX13693,2026-08-20,S001,P013,2,22.99,45.98
TX13694,2026-08-20,S001,P013,1,22.99,22.99
TX13695,2026-08-20,S001,P015,3,11.99,35.97
TX13696,2026-08-20,S001,P015,1,11.99,11.99
TX13697,2026-08-20,S002,P001,1,29.99,29.99
TX13698,2026-08-20,S002,P001,2,29.99,59.98
TX13699,2026-08-20,S002,P001,2,29.99,59.98
TX13700,2026-08-20,S002,P002,2,89.99,179.98
TX13701,2026-08-20,S002,P003,2,39.99,79.98
TX13702,2026-08-20,S002,P006,1,34.99,34.99
TX13703,2026-08-20,S002,P007,3,9.99,29.97
TX13704,2026-08-20,S002,P007,1,9.99,9.99
TX13705,2026-08-20,S002,P008,3,12.99,38.97
TX13706,2026-08-20,S002,P009,1,14.99,14.99
TX13707,2026-08-20,S002,P009,2,14.99,29.98
TX13708,2026-08-20,S002,P009,3,14.99,44.97
TX13709,2026-08-20,S002,P010,2,19.99,39.98
TX13710,2026-08-20,S002,P013,2,22.99,45.98
TX13711,2026-08-20,S002,P015,1,11.99,11.99
TX13712,2026-08-20,S003,P001,3,29.99,89.97
TX13713,2026-08-20,S003,P002,1,89.99,89.99
TX13714,2026-08-20,S003,P006,2,34.99,69.98
TX13715,2026-08-20,S003,P008,1,12.99,12.99
TX13716,2026-08-20,S003,P008,2,12.99,25.98
TX13717,2026-08-20,S003,P008,1,12.99,12.99
TX13718,2026-08-20,S003,P009,3,14.99,44.97
TX13719,2026-08-20,S003,P009,2,14.99,29.98
TX13720,2026-08-20,S003,P010,1,19.99,19.99
TX13721,2026-08-20,S003,P010,2,19.99,39.98
TX13722,2026-08-20,S003,P011,1,24.99,24.99
TX13723,2026-08-20,S003,P011,1,24.99,24.99
TX13724,2026-08-20,S003,P012,1,59.99,59.99
TX13725,2026-08-20,S003,P013,2,22.99,45.98
TX13726,2026-08-20,S003,P013,1,22.99,22.99
TX13727,2026-08-20,S003,P013,2,22.99,45.98
TX13728,2026-08-20,S003,P013,1,22.99,22.99
TX13729,2026-08-20,S004,P001,1,29.99,29.99
TX13730,2026-08-20,S004,P001,1,29.99,29.99
TX13731,2026-08-20,S004,P001,1,29.99,29.99
TX13732,2026-08-20,S004,P003,1,39.99,39.99
TX13733,2026-08-20,S004,P007,3,9.99,29.97
TX13734,2026-08-20,S004,P009,1,14.99,14.99
TX13735,2026-08-20,S004,P010,1,19.99,19.99
TX13736,2026-08-20,S004,P013,2,22.99,45.98
TX13737,2026-08-21,S001,P001,3,29.99,89.97
TX13738,2026-08-21,S001,P001,1,29.99,29.99
TX13739,2026-08-21,S001,P002,1,89.99,89.99
TX13740,2026-08-21,S001,P002,2,89.99,179.98
TX13741,2026-08-21,S001,P003,1,39.99,39.99
TX13742,2026-08-21,S001,P003,1,39.99,39.99
TX13743,2026-08-21,S001,P004,1,149.99,149.99
TX13744,2026-08-21,S001,P004,1,149.99,149.99
TX13745,2026-08-21,S001,P004,1,149.99,149.99
TX13746,2026-08-21,S001,P005,2,49.99,99.98
TX13747,2026-08-21,S001,P006,2,34.99,69.98
TX13748,2026-08-21,S001,P007,2,9.99,19.98
TX13749,2026-08-21,S001,P007,3,9.99,29.97
TX13750,2026-08-21,S001,P007,3,9.99,29.97
TX13751,2026-08-21,S001,P007,1,9.99,9.99
TX13752,2026-08-21,S001,P008,2,12.99,25.98
TX13753,2026-08-21,S001,P008,3,12.99,38.97
TX13754,2026-08-21,S001,P008,2,12.99,25.98
TX13755,2026-08-21,S001,P009,2,14.99,29.98
TX13756,2026-08-21,S001,P009,3,14.99,44.97
TX13757,2026-08-21,S001,P009,2,14.99,29.98
TX13758,2026-08-21,S001,P010,3,19.99,59.97
TX13759,2026-08-21,S001,P010,1,19.99,19.99
TX13760,2026-08-21,S001,P011,1,24.99,24.99
TX13761,2026-08-21,S001,P011,1,24.99,24.99
TX13762,2026-08-21,S001,P011,2,24.99,49.98
TX13763,2026-08-21,S001,P012,1,59.99,59.99
TX13764,2026-08-21,S001,P013,2,22.99,45.98
TX13765,2026-08-21,S001,P013,2,22.99,45.98
TX13766,2026-08-21,S001,P014,1,32.99,32.99
TX13767,2026-08-21,S001,P015,3,11.99,35.97
TX13768,2026-08-21,S001,P015,1,11.99,11.99
TX13769,2026-08-21,S002,P001,1,29.99,29.99
TX13770,2026-08-21,S002,P001,1,29.99,29.99
TX13771,2026-08-21,S002,P002,2,89.99,179.98
TX13772,2026-08-21,S002,P003,2,39.99,79.98
TX13773,2026-08-21,S002,P006,1,34.99,34.99
TX13774,2026-08-21,S002,P006,2,34.99,69.98
TX13775,2026-08-21,S002,P007,2,9.99,19.98
TX13776,2026-08-21,S002,P007,2,9.99,19.98
TX13777,2026-08-21,S002,P007,1,9.99,9.99
TX13778,2026-08-21,S002,P008,2,12.99,25.98
TX13779,2026-08-21,S002,P009,3,14.99,44.97
TX13780,2026-08-21,S002,P009,2,14.99,29.98
TX13781,2026-08-21,S002,P009,1,14.99,14.99
TX13782,2026-08-21,S002,P011,2,24.99,49.98
TX13783,2026-08-21,S002,P013,1,22.99,22.99
TX13784,2026-08-21,S002,P015,2,11.99,23.98
TX13785,2026-08-21,S002,P015,1,11.99,11.99
TX13786,2026-08-21,S002,P015,1,11.99,11.99
TX13787,2026-08-21,S003,P001,1,29.99,29.99
TX13788,2026-08-21,S003,P001,2,29.99,59.98
TX13789,2026-08-21,S003,P001,1,29.99,29.99
TX13790,2026-08-21,S003,P002,1,89.99,89.99
TX13791,2026-08-21,S003,P003,1,39.99,39.99
TX13792,2026-08-21,S003,P004,1,149.99,149.99
TX13793,2026-08-21,S003,P006,1,34.99,34.99
TX13794,2026-08-21,S003,P007,2,9.99,19.98
TX13795,2026-08-21,S003,P007,1,9.99,9.99
TX13796,2026-08-21,S003,P008,2,12.99,25.98
TX13797,2026-08-21,S003,P008,2,12.99,25.98
TX13798,2026-08-21,S003,P009,1,14.99,14.99
TX13799,2026-08-21,S003,P009,1,14.99,14.99
TX13800,2026-08-21,S003,P010,1,19.99,19.99
TX13801,2026-08-21,S003,P010,2,19.99,39.98
TX13802,2026-08-21,S003,P013,1,22.99,22.99
TX13803,2026-08-21,S003,P014,1,32.99,32.99
TX13804,2026-08-21,S003,P015,3,11.99,35.97
TX13805,2026-08-21,S003,P015,1,11.99,11.99
TX13806,2026-08-21,S004,P001,2,29.99,59.98
TX13807,2026-08-21,S004,P001,1,29.99,29.99
TX13808,2026-08-21,S004,P001,2,29.99,59.98
TX13809,2026-08-21,S004,P002,1,89.99,89.99
TX13810,2026-08-21,S004,P006,1,34.99,34.99
TX13811,2026-08-21,S004,P007,2,9.99,19.98
TX13812,2026-08-21,S004,P008,1,12.99,12.99
TX13813,2026-08-21,S004,P008,1,12.99,12.99
TX13814,2026-08-21,S004,P009,2,14.99,29.98
TX13815,2026-08-21,S004,P011,1,24.99,24.99
TX13816,2026-08-21,S004,P015,1,11.99,11.99
TX13817,2026-08-22,S001,P001,2,29.99,59.98
TX13818,2026-08-22,S001,P001,3,29.99,89.97
TX13819,2026-08-22,S001,P001,3,29.99,89.97
TX13820,2026-08-22,S001,P002,1,89.99,89.99
TX13821,2026-08-22,S001,P002,2,89.99,179.98
TX13822,2026-08-22,S001,P003,2,39.99,79.98
TX13823,2026-08-22,S001,P003,1,39.99,39.99
TX13824,2026-08-22,S001,P004,1,149.99,149.99
TX13825,2026-08-22,S001,P006,1,34.99,34.99
TX13826,2026-08-22,S001,P006,1,34.99,34.99
TX13827,2026-08-22,S001,P006,1,34.99,34.99
TX13828,2026-08-22,S001,P006,2,34.99,69.98
TX13829,2026-08-22,S001,P007,2,9.99,19.98
TX13830,2026-08-22,S001,P007,1,9.99,9.99
TX13831,2026-08-22,S001,P007,1,9.99,9.99
TX13832,2026-08-22,S001,P007,1,9.99,9.99
TX13833,2026-08-22,S001,P007,2,9.99,19.98
TX13834,2026-08-22,S001,P008,2,12.99,25.98
TX13835,2026-08-22,S001,P008,1,12.99,12.99
TX13836,2026-08-22,S001,P009,2,14.99,29.98
TX13837,2026-08-22,S001,P009,1,14.99,14.99
TX13838,2026-08-22,S001,P009,3,14.99,44.97
TX13839,2026-08-22,S001,P009,1,14.99,14.99
TX13840,2026-08-22,S001,P009,3,14.99,44.97
TX13841,2026-08-22,S001,P010,2,19.99,39.98
TX13842,2026-08-22,S001,P010,1,19.99,19.99
TX13843,2026-08-22,S001,P010,2,19.99,39.98
TX13844,2026-08-22,S001,P010,1,19.99,19.99
TX13845,2026-08-22,S001,P011,2,24.99,49.98
TX13846,2026-08-22,S001,P012,1,59.99,59.99
TX13847,2026-08-22,S001,P013,2,22.99,45.98
TX13848,2026-08-22,S001,P013,1,22.99,22.99
TX13849,2026-08-22,S001,P013,2,22.99,45.98
TX13850,2026-08-22,S001,P013,3,22.99,68.97
TX13851,2026-08-22,S001,P015,3,11.99,35.97
TX13852,2026-08-22,S001,P015,1,11.99,11.99
TX13853,2026-08-22,S002,P001,1,29.99,29.99
TX13854,2026-08-22,S002,P003,1,39.99,39.99
TX13855,2026-08-22,S002,P004,1,149.99,149.99
TX13856,2026-08-22,S002,P006,2,34.99,69.98
TX13857,2026-08-22,S002,P007,3,9.99,29.97
TX13858,2026-08-22,S002,P007,1,9.99,9.99
TX13859,2026-08-22,S002,P008,1,12.99,12.99
TX13860,2026-08-22,S002,P008,2,12.99,25.98
TX13861,2026-08-22,S002,P008,2,12.99,25.98
TX13862,2026-08-22,S002,P009,1,14.99,14.99
TX13863,2026-08-22,S002,P009,3,14.99,44.97
TX13864,2026-08-22,S002,P009,1,14.99,14.99
TX13865,2026-08-22,S002,P009,1,14.99,14.99
TX13866,2026-08-22,S002,P010,1,19.99,19.99
TX13867,2026-08-22,S002,P010,1,19.99,19.99
TX13868,2026-08-22,S002,P011,1,24.99,24.99
TX13869,2026-08-22,S002,P012,1,59.99,59.99
TX13870,2026-08-22,S002,P013,3,22.99,68.97
TX13871,2026-08-22,S002,P013,1,22.99,22.99
TX13872,2026-08-22,S002,P015,3,11.99,35.97
TX13873,2026-08-22,S003,P001,1,29.99,29.99
TX13874,2026-08-22,S003,P002,2,89.99,179.98
TX13875,2026-08-22,S003,P003,1,39.99,39.99
TX13876,2026-08-22,S003,P003,1,39.99,39.99
TX13877,2026-08-22,S003,P007,3,9.99,29.97
TX13878,2026-08-22,S003,P007,1,9.99,9.99
TX13879,2026-08-22,S003,P008,1,12.99,12.99
TX13880,2026-08-22,S003,P008,2,12.99,25.98
TX13881,2026-08-22,S003,P008,2,12.99,25.98
TX13882,2026-08-22,S003,P009,1,14.99,14.99
TX13883,2026-08-22,S003,P009,2,14.99,29.98
TX13884,2026-08-22,S003,P009,1,14.99,14.99
TX13885,2026-08-22,S003,P011,1,24.99,24.99
TX13886,2026-08-22,S003,P011,1,24.99,24.99
TX13887,2026-08-22,S003,P012,1,59.99,59.99
TX13888,2026-08-22,S003,P015,3,11.99,35.97
TX13889,2026-08-22,S004,P002,1,89.99,89.99
TX13890,2026-08-22,S004,P003,1,39.99,39.99
TX13891,2026-08-22,S004,P003,1,39.99,39.99
TX13892,2026-08-22,S004,P004,1,149.99,149.99
TX13893,2026-08-22,S004,P007,2,9.99,19.98
TX13894,2026-08-22,S004,P007,1,9.99,9.99
TX13895,2026-08-22,S004,P007,1,9.99,9.99
TX13896,2026-08-22,S004,P008,1,12.99,12.99
TX13897,2026-08-22,S004,P008,1,12.99,12.99
TX13898,2026-08-22,S004,P009,3,14.99,44.97
TX13899,2026-08-22,S004,P009,1,14.99,14.99
TX13900,2026-08-22,S004,P009,1,14.99,14.99
TX13901,2026-08-22,S004,P009,2,14.99,29.98
TX13902,2026-08-22,S004,P010,3,19.99,59.97
TX13903,2026-08-22,S004,P011,1,24.99,24.99
TX13904,2026-08-22,S004,P015,1,11.99,11.99
TX13905,2026-08-23,S001,P001,3,29.99,89.97
TX13906,2026-08-23,S001,P001,1,29.99,29.99
TX13907,2026-08-23,S001,P001,2,29.99,59.98
TX13908,2026-08-23,S001,P001,2,29.99,59.98
TX13909,2026-08-23,S001,P001,2,29.99,59.98
TX13910,2026-08-23,S001,P003,1,39.99,39.99
TX13911,2026-08-23,S001,P003,3,39.99,119.97
TX13912,2026-08-23,S001,P003,1,39.99,39.99
TX13913,2026-08-23,S001,P006,1,34.99,34.99
TX13914,2026-08-23,S001,P007,2,9.99,19.98
TX13915,2026-08-23,S001,P007,3,9.99,29.97
TX13916,2026-08-23,S001,P007,3,9.99,29.97
TX13917,2026-08-23,S001,P007,2,9.99,19.98
TX13918,2026-08-23,S001,P007,1,9.99,9.99
TX13919,2026-08-23,S001,P007,1,9.99,9.99
TX13920,2026-08-23,S001,P007,1,9.99,9.99
TX13921,2026-08-23,S001,P008,1,12.99,12.99
TX13922,2026-08-23,S001,P008,1,12.99,12.99
TX13923,2026-08-23,S001,P008,1,12.99,12.99
TX13924,2026-08-23,S001,P009,3,14.99,44.97
TX13925,2026-08-23,S001,P009,2,14.99,29.98
TX13926,2026-08-23,S001,P010,2,19.99,39.98
TX13927,2026-08-23,S001,P010,1,19.99,19.99
TX13928,2026-08-23,S001,P011,2,24.99,49.98
TX13929,2026-08-23,S001,P011,1,24.99,24.99
TX13930,2026-08-23,S001,P012,1,59.99,59.99
TX13931,2026-08-23,S001,P012,2,59.99,119.98
TX13932,2026-08-23,S001,P013,3,22.99,68.97
TX13933,2026-08-23,S001,P013,1,22.99,22.99
TX13934,2026-08-23,S001,P013,1,22.99,22.99
TX13935,2026-08-23,S001,P013,3,22.99,68.97
TX13936,2026-08-23,S001,P013,2,22.99,45.98
TX13937,2026-08-23,S001,P015,2,11.99,23.98
TX13938,2026-08-23,S002,P001,3,29.99,89.97
TX13939,2026-08-23,S002,P001,3,29.99,89.97
TX13940,2026-08-23,S002,P003,2,39.99,79.98
TX13941,2026-08-23,S002,P003,2,39.99,79.98
TX13942,2026-08-23,S002,P006,1,34.99,34.99
TX13943,2026-08-23,S002,P007,3,9.99,29.97
TX13944,2026-08-23,S002,P007,2,9.99,19.98
TX13945,2026-08-23,S002,P007,1,9.99,9.99
TX13946,2026-08-23,S002,P007,1,9.99,9.99
TX13947,2026-08-23,S002,P008,3,12.99,38.97
TX13948,2026-08-23,S002,P008,1,12.99,12.99
TX13949,2026-08-23,S002,P009,1,14.99,14.99
TX13950,2026-08-23,S002,P009,3,14.99,44.97
TX13951,2026-08-23,S002,P009,2,14.99,29.98
TX13952,2026-08-23,S002,P010,2,19.99,39.98
TX13953,2026-08-23,S002,P010,2,19.99,39.98
TX13954,2026-08-23,S002,P011,1,24.99,24.99
TX13955,2026-08-23,S002,P012,1,59.99,59.99
TX13956,2026-08-23,S002,P013,2,22.99,45.98
TX13957,2026-08-23,S002,P013,1,22.99,22.99
TX13958,2026-08-23,S002,P015,1,11.99,11.99
TX13959,2026-08-23,S003,P001,1,29.99,29.99
TX13960,2026-08-23,S003,P001,2,29.99,59.98
TX13961,2026-08-23,S003,P001,2,29.99,59.98
TX13962,2026-08-23,S003,P003,1,39.99,39.99
TX13963,2026-08-23,S003,P006,1,34.99,34.99
TX13964,2026-08-23,S003,P006,1,34.99,34.99
TX13965,2026-08-23,S003,P007,1,9.99,9.99
TX13966,2026-08-23,S003,P007,2,9.99,19.98
TX13967,2026-08-23,S003,P007,1,9.99,9.99
TX13968,2026-08-23,S003,P009,1,14.99,14.99
TX13969,2026-08-23,S003,P009,2,14.99,29.98
TX13970,2026-08-23,S003,P009,2,14.99,29.98
TX13971,2026-08-23,S003,P010,2,19.99,39.98
TX13972,2026-08-23,S003,P010,1,19.99,19.99
TX13973,2026-08-23,S003,P011,1,24.99,24.99
TX13974,2026-08-23,S003,P012,1,59.99,59.99
TX13975,2026-08-23,S003,P013,1,22.99,22.99
TX13976,2026-08-23,S003,P013,2,22.99,45.98
TX13977,2026-08-23,S003,P013,1,22.99,22.99
TX13978,2026-08-23,S003,P013,1,22.99,22.99
TX13979,2026-08-23,S003,P015,2,11.99,23.98
TX13980,2026-08-23,S004,P001,1,29.99,29.99
TX13981,2026-08-23,S004,P003,1,39.99,39.99
TX13982,2026-08-23,S004,P007,2,9.99,19.98
TX13983,2026-08-23,S004,P007,1,9.99,9.99
TX13984,2026-08-23,S004,P008,1,12.99,12.99
TX13985,2026-08-23,S004,P008,1,12.99,12.99
TX13986,2026-08-23,S004,P009,2,14.99,29.98
TX13987,2026-08-23,S004,P009,2,14.99,29.98
TX13988,2026-08-23,S004,P011,2,24.99,49.98
TX13989,2026-08-23,S004,P013,3,22.99,68.97
TX13990,2026-08-24,S001,P001,3,29.99,89.97
TX13991,2026-08-24,S001,P001,3,29.99,89.97
TX13992,2026-08-24,S001,P001,2,29.99,59.98
TX13993,2026-08-24,S001,P001,1,29.99,29.99
TX13994,2026-08-24,S001,P002,3,89.99,269.97
TX13995,2026-08-24,S001,P003,2,39.99,79.98
TX13996,2026-08-24,S001,P003,1,39.99,39.99
TX13997,2026-08-24,S001,P003,1,39.99,39.99
TX13998,2026-08-24,S001,P005,2,49.99,99.98
TX13999,2026-08-24,S001,P006,3,34.99,104.97
TX14000,2026-08-24,S001,P006,2,34.99,69.98
TX14001,2026-08-24,S001,P007,1,9.99,9.99
TX14002,2026-08-24,S001,P007,2,9.99,19.98
TX14003,2026-08-24,S001,P007,1,9.99,9.99
TX14004,2026-08-24,S001,P007,2,9.99,19.98
TX14005,2026-08-24,S001,P007,1,9.99,9.99
TX14006,2026-08-24,S001,P007,1,9.99,9.99
TX14007,2026-08-24,S001,P008,1,12.99,12.99
TX14008,2026-08-24,S001,P008,1,12.99,12.99
TX14009,2026-08-24,S001,P008,3,12.99,38.97
TX14010,2026-08-24,S001,P009,2,14.99,29.98
TX14011,2026-08-24,S001,P009,2,14.99,29.98
TX14012,2026-08-24,S001,P009,2,14.99,29.98
TX14013,2026-08-24,S001,P010,3,19.99,59.97
TX14014,2026-08-24,S001,P010,3,19.99,59.97
TX14015,2026-08-24,S001,P011,2,24.99,49.98
TX14016,2026-08-24,S001,P013,2,22.99,45.98
TX14017,2026-08-24,S001,P014,1,32.99,32.99
TX14018,2026-08-24,S001,P015,2,11.99,23.98
TX14019,2026-08-24,S002,P001,3,29.99,89.97
TX14020,2026-08-24,S002,P003,2,39.99,79.98
TX14021,2026-08-24,S002,P003,1,39.99,39.99
TX14022,2026-08-24,S002,P004,1,149.99,149.99
TX14023,2026-08-24,S002,P006,1,34.99,34.99
TX14024,2026-08-24,S002,P007,1,9.99,9.99
TX14025,2026-08-24,S002,P007,1,9.99,9.99
TX14026,2026-08-24,S002,P007,2,9.99,19.98
TX14027,2026-08-24,S002,P007,1,9.99,9.99
TX14028,2026-08-24,S002,P007,2,9.99,19.98
TX14029,2026-08-24,S002,P007,2,9.99,19.98
TX14030,2026-08-24,S002,P008,3,12.99,38.97
TX14031,2026-08-24,S002,P008,1,12.99,12.99
TX14032,2026-08-24,S002,P009,2,14.99,29.98
TX14033,2026-08-24,S002,P009,2,14.99,29.98
TX14034,2026-08-24,S002,P010,2,19.99,39.98
TX14035,2026-08-24,S002,P012,1,59.99,59.99
TX14036,2026-08-24,S002,P014,1,32.99,32.99
TX14037,2026-08-24,S002,P015,1,11.99,11.99
TX14038,2026-08-24,S003,P001,1,29.99,29.99
TX14039,2026-08-24,S003,P001,1,29.99,29.99
TX14040,2026-08-24,S003,P003,2,39.99,79.98
TX14041,2026-08-24,S003,P004,1,149.99,149.99
TX14042,2026-08-24,S003,P004,1,149.99,149.99
TX14043,2026-08-24,S003,P007,1,9.99,9.99
TX14044,2026-08-24,S003,P007,1,9.99,9.99
TX14045,2026-08-24,S003,P007,2,9.99,19.98
TX14046,2026-08-24,S003,P007,2,9.99,19.98
TX14047,2026-08-24,S003,P007,2,9.99,19.98
TX14048,2026-08-24,S003,P008,3,12.99,38.97
TX14049,2026-08-24,S003,P008,3,12.99,38.97
TX14050,2026-08-24,S003,P009,2,14.99,29.98
TX14051,2026-08-24,S003,P010,1,19.99,19.99
TX14052,2026-08-24,S003,P010,1,19.99,19.99
TX14053,2026-08-24,S003,P011,1,24.99,24.99
TX14054,2026-08-24,S003,P011,1,24.99,24.99
TX14055,2026-08-24,S003,P015,1,11.99,11.99
TX14056,2026-08-24,S004,P001,1,29.99,29.99
TX14057,2026-08-24,S004,P003,1,39.99,39.99
TX14058,2026-08-24,S004,P007,1,9.99,9.99
TX14059,2026-08-24,S004,P007,2,9.99,19.98
TX14060,2026-08-24,S004,P007,1,9.99,9.99
TX14061,2026-08-24,S004,P008,1,12.99,12.99
TX14062,2026-08-24,S004,P009,2,14.99,29.98
TX14063,2026-08-24,S004,P010,1,19.99,19.99
TX14064,2026-08-24,S004,P013,1,22.99,22.99
TX14065,2026-08-24,S004,P015,1,11.99,11.99
TX14066,2026-08-25,S001,P001,3,29.99,89.97
TX14067,2026-08-25,S001,P001,3,29.99,89.97
TX14068,2026-08-25,S001,P001,1,29.99,29.99
TX14069,2026-08-25,S001,P001,1,29.99,29.99
TX14070,2026-08-25,S001,P002,2,89.99,179.98
TX14071,2026-08-25,S001,P003,3,39.99,119.97
TX14072,2026-08-25,S001,P003,2,39.99,79.98
TX14073,2026-08-25,S001,P003,1,39.99,39.99
TX14074,2026-08-25,S001,P003,1,39.99,39.99
TX14075,2026-08-25,S001,P004,1,149.99,149.99
TX14076,2026-08-25,S001,P006,1,34.99,34.99
TX14077,2026-08-25,S001,P006,1,34.99,34.99
TX14078,2026-08-25,S001,P007,1,9.99,9.99
TX14079,2026-08-25,S001,P007,2,9.99,19.98
TX14080,2026-08-25,S001,P008,1,12.99,12.99
TX14081,2026-08-25,S001,P008,3,12.99,38.97
TX14082,2026-08-25,S001,P008,3,12.99,38.97
TX14083,2026-08-25,S001,P009,3,14.99,44.97
TX14084,2026-08-25,S001,P009,1,14.99,14.99
TX14085,2026-08-25,S001,P009,1,14.99,14.99
TX14086,2026-08-25,S001,P009,3,14.99,44.97
TX14087,2026-08-25,S001,P009,3,14.99,44.97
TX14088,2026-08-25,S001,P009,1,14.99,14.99
TX14089,2026-08-25,S001,P009,1,14.99,14.99
TX14090,2026-08-25,S001,P010,1,19.99,19.99
TX14091,2026-08-25,S001,P012,1,59.99,59.99
TX14092,2026-08-25,S001,P013,1,22.99,22.99
TX14093,2026-08-25,S001,P013,2,22.99,45.98
TX14094,2026-08-25,S001,P015,2,11.99,23.98
TX14095,2026-08-25,S002,P001,2,29.99,59.98
TX14096,2026-08-25,S002,P001,1,29.99,29.99
TX14097,2026-08-25,S002,P001,1,29.99,29.99
TX14098,2026-08-25,S002,P001,1,29.99,29.99
TX14099,2026-08-25,S002,P001,1,29.99,29.99
TX14100,2026-08-25,S002,P003,3,39.99,119.97
TX14101,2026-08-25,S002,P004,1,149.99,149.99
TX14102,2026-08-25,S002,P006,1,34.99,34.99
TX14103,2026-08-25,S002,P007,2,9.99,19.98
TX14104,2026-08-25,S002,P008,1,12.99,12.99
TX14105,2026-08-25,S002,P008,2,12.99,25.98
TX14106,2026-08-25,S002,P008,1,12.99,12.99
TX14107,2026-08-25,S002,P008,1,12.99,12.99
TX14108,2026-08-25,S002,P009,3,14.99,44.97
TX14109,2026-08-25,S002,P009,2,14.99,29.98
TX14110,2026-08-25,S002,P009,2,14.99,29.98
TX14111,2026-08-25,S002,P009,1,14.99,14.99
TX14112,2026-08-25,S002,P009,1,14.99,14.99
TX14113,2026-08-25,S002,P010,1,19.99,19.99
TX14114,2026-08-25,S002,P011,1,24.99,24.99
TX14115,2026-08-25,S002,P011,1,24.99,24.99
TX14116,2026-08-25,S002,P013,2,22.99,45.98
TX14117,2026-08-25,S002,P015,1,11.99,11.99
TX14118,2026-08-25,S003,P001,1,29.99,29.99
TX14119,2026-08-25,S003,P001,1,29.99,29.99
TX14120,2026-08-25,S003,P003,1,39.99,39.99
TX14121,2026-08-25,S003,P006,1,34.99,34.99
TX14122,2026-08-25,S003,P007,2,9.99,19.98
TX14123,2026-08-25,S003,P008,1,12.99,12.99
TX14124,2026-08-25,S003,P008,2,12.99,25.98
TX14125,2026-08-25,S003,P008,1,12.99,12.99
TX14126,2026-08-25,S003,P009,2,14.99,29.98
TX14127,2026-08-25,S003,P010,1,19.99,19.99
TX14128,2026-08-25,S003,P011,1,24.99,24.99
TX14129,2026-08-25,S003,P011,1,24.99,24.99
TX14130,2026-08-25,S003,P012,2,59.99,119.98
TX14131,2026-08-25,S003,P013,1,22.99,22.99
TX14132,2026-08-25,S003,P015,1,11.99,11.99
TX14133,2026-08-25,S004,P003,1,39.99,39.99
TX14134,2026-08-25,S004,P003,1,39.99,39.99
TX14135,2026-08-25,S004,P004,1,149.99,149.99
TX14136,2026-08-25,S004,P007,2,9.99,19.98
TX14137,2026-08-25,S004,P008,1,12.99,12.99
TX14138,2026-08-25,S004,P009,1,14.99,14.99
TX14139,2026-08-25,S004,P011,1,24.99,24.99
TX14140,2026-08-25,S004,P013,1,22.99,22.99
TX14141,2026-08-25,S004,P015,2,11.99,23.98
TX14142,2026-08-26,S001,P001,3,29.99,89.97
TX14143,2026-08-26,S001,P001,2,29.99,59.98
TX14144,2026-08-26,S001,P001,1,29.99,29.99
TX14145,2026-08-26,S001,P001,3,29.99,89.97
TX14146,2026-08-26,S001,P002,2,89.99,179.98
TX14147,2026-08-26,S001,P003,1,39.99,39.99
TX14148,2026-08-26,S001,P003,1,39.99,39.99
TX14149,2026-08-26,S001,P003,1,39.99,39.99
TX14150,2026-08-26,S001,P003,2,39.99,79.98
TX14151,2026-08-26,S001,P003,1,39.99,39.99
TX14152,2026-08-26,S001,P003,1,39.99,39.99
TX14153,2026-08-26,S001,P003,3,39.99,119.97
TX14154,2026-08-26,S001,P004,1,149.99,149.99
TX14155,2026-08-26,S001,P006,2,34.99,69.98
TX14156,2026-08-26,S001,P007,3,9.99,29.97
TX14157,2026-08-26,S001,P007,1,9.99,9.99
TX14158,2026-08-26,S001,P007,2,9.99,19.98
TX14159,2026-08-26,S001,P007,1,9.99,9.99
TX14160,2026-08-26,S001,P008,3,12.99,38.97
TX14161,2026-08-26,S001,P008,2,12.99,25.98
TX14162,2026-08-26,S001,P008,2,12.99,25.98
TX14163,2026-08-26,S001,P009,3,14.99,44.97
TX14164,2026-08-26,S001,P009,2,14.99,29.98
TX14165,2026-08-26,S001,P009,1,14.99,14.99
TX14166,2026-08-26,S001,P009,1,14.99,14.99
TX14167,2026-08-26,S001,P009,1,14.99,14.99
TX14168,2026-08-26,S001,P010,1,19.99,19.99
TX14169,2026-08-26,S001,P010,1,19.99,19.99
TX14170,2026-08-26,S001,P012,2,59.99,119.98
TX14171,2026-08-26,S001,P013,1,22.99,22.99
TX14172,2026-08-26,S001,P013,1,22.99,22.99
TX14173,2026-08-26,S001,P013,1,22.99,22.99
TX14174,2026-08-26,S001,P014,1,32.99,32.99
TX14175,2026-08-26,S001,P015,1,11.99,11.99
TX14176,2026-08-26,S001,P015,1,11.99,11.99
TX14177,2026-08-26,S001,P015,1,11.99,11.99
TX14178,2026-08-26,S002,P001,3,29.99,89.97
TX14179,2026-08-26,S002,P003,2,39.99,79.98
TX14180,2026-08-26,S002,P003,3,39.99,119.97
TX14181,2026-08-26,S002,P003,2,39.99,79.98
TX14182,2026-08-26,S002,P003,2,39.99,79.98
TX14183,2026-08-26,S002,P003,3,39.99,119.97
TX14184,2026-08-26,S002,P004,1,149.99,149.99
TX14185,2026-08-26,S002,P006,3,34.99,104.97
TX14186,2026-08-26,S002,P007,1,9.99,9.99
TX14187,2026-08-26,S002,P007,3,9.99,29.97
TX14188,2026-08-26,S002,P007,1,9.99,9.99
TX14189,2026-08-26,S002,P007,1,9.99,9.99
TX14190,2026-08-26,S002,P008,2,12.99,25.98
TX14191,2026-08-26,S002,P009,1,14.99,14.99
TX14192,2026-08-26,S002,P009,1,14.99,14.99
TX14193,2026-08-26,S002,P010,2,19.99,39.98
TX14194,2026-08-26,S002,P011,1,24.99,24.99
TX14195,2026-08-26,S002,P011,1,24.99,24.99
TX14196,2026-08-26,S002,P012,2,59.99,119.98
TX14197,2026-08-26,S002,P013,1,22.99,22.99
TX14198,2026-08-26,S002,P013,1,22.99,22.99
TX14199,2026-08-26,S002,P013,1,22.99,22.99
TX14200,2026-08-26,S002,P015,2,11.99,23.98
TX14201,2026-08-26,S002,P015,1,11.99,11.99
TX14202,2026-08-26,S003,P001,2,29.99,59.98
TX14203,2026-08-26,S003,P001,3,29.99,89.97
TX14204,2026-08-26,S003,P001,1,29.99,29.99
TX14205,2026-08-26,S003,P003,2,39.99,79.98
TX14206,2026-08-26,S003,P003,2,39.99,79.98
TX14207,2026-08-26,S003,P003,2,39.99,79.98
TX14208,2026-08-26,S003,P003,2,39.99,79.98
TX14209,2026-08-26,S003,P003,1,39.99,39.99
TX14210,2026-08-26,S003,P003,1,39.99,39.99
TX14211,2026-08-26,S003,P005,1,49.99,49.99
TX14212,2026-08-26,S003,P006,1,34.99,34.99
TX14213,2026-08-26,S003,P008,3,12.99,38.97
TX14214,2026-08-26,S003,P008,1,12.99,12.99
TX14215,2026-08-26,S003,P008,1,12.99,12.99
TX14216,2026-08-26,S003,P008,1,12.99,12.99
TX14217,2026-08-26,S003,P009,1,14.99,14.99
TX14218,2026-08-26,S003,P009,2,14.99,29.98
TX14219,2026-08-26,S003,P009,1,14.99,14.99
TX14220,2026-08-26,S003,P010,2,19.99,39.98
TX14221,2026-08-26,S003,P010,2,19.99,39.98
TX14222,2026-08-26,S003,P011,1,24.99,24.99
TX14223,2026-08-26,S003,P011,1,24.99,24.99
TX14224,2026-08-26,S003,P013,2,22.99,45.98
TX14225,2026-08-26,S003,P014,1,32.99,32.99
TX14226,2026-08-26,S003,P015,2,11.99,23.98
TX14227,2026-08-26,S003,P015,1,11.99,11.99
TX14228,2026-08-26,S004,P001,1,29.99,29.99
TX14229,2026-08-26,S004,P002,1,89.99,89.99
TX14230,2026-08-26,S004,P003,1,39.99,39.99
TX14231,2026-08-26,S004,P003,1,39.99,39.99
TX14232,2026-08-26,S004,P003,1,39.99,39.99
TX14233,2026-08-26,S004,P007,3,9.99,29.97
TX14234,2026-08-26,S004,P008,1,12.99,12.99
TX14235,2026-08-26,S004,P009,1,14.99,14.99
TX14236,2026-08-26,S004,P010,3,19.99,59.97
TX14237,2026-08-26,S004,P015,2,11.99,23.98
TX14238,2026-08-27,S001,P001,1,29.99,29.99
TX14239,2026-08-27,S001,P001,1,29.99,29.99
TX14240,2026-08-27,S001,P001,2,29.99,59.98
TX14241,2026-08-27,S001,P003,1,39.99,39.99
TX14242,2026-08-27,S001,P003,1,39.99,39.99
TX14243,2026-08-27,S001,P003,3,39.99,119.97
TX14244,2026-08-27,S001,P003,1,39.99,39.99
TX14245,2026-08-27,S001,P003,2,39.99,79.98
TX14246,2026-08-27,S001,P003,2,39.99,79.98
TX14247,2026-08-27,S001,P004,3,149.99,449.97
TX14248,2026-08-27,S001,P007,1,9.99,9.99
TX14249,2026-08-27,S001,P007,3,9.99,29.97
TX14250,2026-08-27,S001,P007,2,9.99,19.98
TX14251,2026-08-27,S001,P007,1,9.99,9.99
TX14252,2026-08-27,S001,P008,1,12.99,12.99
TX14253,2026-08-27,S001,P008,1,12.99,12.99
TX14254,2026-08-27,S001,P009,2,14.99,29.98
TX14255,2026-08-27,S001,P009,2,14.99,29.98
TX14256,2026-08-27,S001,P009,3,14.99,44.97
TX14257,2026-08-27,S001,P009,3,14.99,44.97
TX14258,2026-08-27,S001,P009,1,14.99,14.99
TX14259,2026-08-27,S001,P011,1,24.99,24.99
TX14260,2026-08-27,S001,P012,1,59.99,59.99
TX14261,2026-08-27,S001,P012,2,59.99,119.98
TX14262,2026-08-27,S001,P012,1,59.99,59.99
TX14263,2026-08-27,S001,P012,1,59.99,59.99
TX14264,2026-08-27,S001,P013,1,22.99,22.99
TX14265,2026-08-27,S001,P013,1,22.99,22.99
TX14266,2026-08-27,S001,P015,1,11.99,11.99
TX14267,2026-08-27,S001,P015,1,11.99,11.99
TX14268,2026-08-27,S001,P015,1,11.99,11.99
TX14269,2026-08-27,S002,P001,1,29.99,29.99
TX14270,2026-08-27,S002,P001,2,29.99,59.98
TX14271,2026-08-27,S002,P001,1,29.99,29.99
TX14272,2026-08-27,S002,P003,3,39.99,119.97
TX14273,2026-08-27,S002,P003,3,39.99,119.97
TX14274,2026-08-27,S002,P003,3,39.99,119.97
TX14275,2026-08-27,S002,P003,1,39.99,39.99
TX14276,2026-08-27,S002,P003,2,39.99,79.98
TX14277,2026-08-27,S002,P006,2,34.99,69.98
TX14278,2026-08-27,S002,P007,2,9.99,19.98
TX14279,2026-08-27,S002,P007,1,9.99,9.99
TX14280,2026-08-27,S002,P007,1,9.99,9.99
TX14281,2026-08-27,S002,P007,1,9.99,9.99
TX14282,2026-08-27,S002,P007,1,9.99,9.99
TX14283,2026-08-27,S002,P007,1,9.99,9.99
TX14284,2026-08-27,S002,P008,2,12.99,25.98
TX14285,2026-08-27,S002,P008,1,12.99,12.99
TX14286,2026-08-27,S002,P008,1,12.99,12.99
TX14287,2026-08-27,S002,P008,1,12.99,12.99
TX14288,2026-08-27,S002,P009,1,14.99,14.99
TX14289,2026-08-27,S002,P009,1,14.99,14.99
TX14290,2026-08-27,S002,P009,1,14.99,14.99
TX14291,2026-08-27,S002,P010,1,19.99,19.99
TX14292,2026-08-27,S002,P010,1,19.99,19.99
TX14293,2026-08-27,S002,P011,3,24.99,74.97
TX14294,2026-08-27,S002,P011,1,24.99,24.99
TX14295,2026-08-27,S002,P012,1,59.99,59.99
TX14296,2026-08-27,S002,P013,2,22.99,45.98
TX14297,2026-08-27,S002,P013,1,22.99,22.99
TX14298,2026-08-27,S002,P015,1,11.99,11.99
TX14299,2026-08-27,S002,P015,2,11.99,23.98
TX14300,2026-08-27,S002,P015,3,11.99,35.97
TX14301,2026-08-27,S003,P001,1,29.99,29.99
TX14302,2026-08-27,S003,P003,1,39.99,39.99
TX14303,2026-08-27,S003,P003,2,39.99,79.98
TX14304,2026-08-27,S003,P005,1,49.99,49.99
TX14305,2026-08-27,S003,P006,1,34.99,34.99
TX14306,2026-08-27,S003,P007,2,9.99,19.98
TX14307,2026-08-27,S003,P007,2,9.99,19.98
TX14308,2026-08-27,S003,P008,2,12.99,25.98
TX14309,2026-08-27,S003,P008,1,12.99,12.99
TX14310,2026-08-27,S003,P008,1,12.99,12.99
TX14311,2026-08-27,S003,P008,2,12.99,25.98
TX14312,2026-08-27,S003,P009,3,14.99,44.97
TX14313,2026-08-27,S003,P010,1,19.99,19.99
TX14314,2026-08-27,S003,P011,1,24.99,24.99
TX14315,2026-08-27,S003,P011,1,24.99,24.99
TX14316,2026-08-27,S003,P013,2,22.99,45.98
TX14317,2026-08-27,S003,P013,2,22.99,45.98
TX14318,2026-08-27,S003,P013,1,22.99,22.99
TX14319,2026-08-27,S003,P015,1,11.99,11.99
TX14320,2026-08-27,S004,P001,2,29.99,59.98
TX14321,2026-08-27,S004,P003,1,39.99,39.99
TX14322,2026-08-27,S004,P003,1,39.99,39.99
TX14323,2026-08-27,S004,P006,2,34.99,69.98
TX14324,2026-08-27,S004,P007,2,9.99,19.98
TX14325,2026-08-27,S004,P007,1,9.99,9.99
TX14326,2026-08-27,S004,P007,2,9.99,19.98
TX14327,2026-08-27,S004,P007,1,9.99,9.99
TX14328,2026-08-27,S004,P009,1,14.99,14.99
TX14329,2026-08-27,S004,P010,2,19.99,39.98
TX14330,2026-08-27,S004,P011,1,24.99,24.99
TX14331,2026-08-27,S004,P013,2,22.99,45.98
TX14332,2026-08-28,S001,P001,3,29.99,89.97
TX14333,2026-08-28,S001,P001,1,29.99,29.99
TX14334,2026-08-28,S001,P001,2,29.99,59.98
TX14335,2026-08-28,S001,P001,2,29.99,59.98
TX14336,2026-08-28,S001,P003,2,39.99,79.98
TX14337,2026-08-28,S001,P003,2,39.99,79.98
TX14338,2026-08-28,S001,P003,3,39.99,119.97
TX14339,2026-08-28,S001,P003,2,39.99,79.98
TX14340,2026-08-28,S001,P003,2,39.99,79.98
TX14341,2026-08-28,S001,P003,3,39.99,119.97
TX14342,2026-08-28,S001,P003,3,39.99,119.97
TX14343,2026-08-28,S001,P004,1,149.99,149.99
TX14344,2026-08-28,S001,P006,1,34.99,34.99
TX14345,2026-08-28,S001,P007,2,9.99,19.98
TX14346,2026-08-28,S001,P007,1,9.99,9.99
TX14347,2026-08-28,S001,P007,1,9.99,9.99
TX14348,2026-08-28,S001,P008,2,12.99,25.98
TX14349,2026-08-28,S001,P008,1,12.99,12.99
TX14350,2026-08-28,S001,P009,1,14.99,14.99
TX14351,2026-08-28,S001,P009,1,14.99,14.99
TX14352,2026-08-28,S001,P009,2,14.99,29.98
TX14353,2026-08-28,S001,P009,1,14.99,14.99
TX14354,2026-08-28,S001,P009,1,14.99,14.99
TX14355,2026-08-28,S001,P010,3,19.99,59.97
TX14356,2026-08-28,S001,P010,2,19.99,39.98
TX14357,2026-08-28,S001,P010,2,19.99,39.98
TX14358,2026-08-28,S001,P013,1,22.99,22.99
TX14359,2026-08-28,S001,P013,1,22.99,22.99
TX14360,2026-08-28,S001,P013,1,22.99,22.99
TX14361,2026-08-28,S001,P013,1,22.99,22.99
TX14362,2026-08-28,S001,P014,1,32.99,32.99
TX14363,2026-08-28,S001,P015,1,11.99,11.99
TX14364,2026-08-28,S001,P015,2,11.99,23.98
TX14365,2026-08-28,S001,P015,3,11.99,35.97
TX14366,2026-08-28,S001,P015,1,11.99,11.99
TX14367,2026-08-28,S002,P001,1,29.99,29.99
TX14368,2026-08-28,S002,P002,1,89.99,89.99
TX14369,2026-08-28,S002,P003,3,39.99,119.97
TX14370,2026-08-28,S002,P003,2,39.99,79.98
TX14371,2026-08-28,S002,P003,2,39.99,79.98
TX14372,2026-08-28,S002,P003,1,39.99,39.99
TX14373,2026-08-28,S002,P003,1,39.99,39.99
TX14374,2026-08-28,S002,P003,1,39.99,39.99
TX14375,2026-08-28,S002,P006,2,34.99,69.98
TX14376,2026-08-28,S002,P007,2,9.99,19.98
TX14377,2026-08-28,S002,P007,1,9.99,9.99
TX14378,2026-08-28,S002,P008,3,12.99,38.97
TX14379,2026-08-28,S002,P008,2,12.99,25.98
TX14380,2026-08-28,S002,P008,1,12.99,12.99
TX14381,2026-08-28,S002,P009,1,14.99,14.99
TX14382,2026-08-28,S002,P009,3,14.99,44.97
TX14383,2026-08-28,S002,P009,2,14.99,29.98
TX14384,2026-08-28,S002,P010,2,19.99,39.98
TX14385,2026-08-28,S002,P011,1,24.99,24.99
TX14386,2026-08-28,S002,P012,3,59.99,179.97
TX14387,2026-08-28,S002,P013,1,22.99,22.99
TX14388,2026-08-28,S002,P013,1,22.99,22.99
TX14389,2026-08-28,S002,P015,1,11.99,11.99
TX14390,2026-08-28,S003,P001,2,29.99,59.98
TX14391,2026-08-28,S003,P003,3,39.99,119.97
TX14392,2026-08-28,S003,P003,2,39.99,79.98
TX14393,2026-08-28,S003,P003,1,39.99,39.99
TX14394,2026-08-28,S003,P003,2,39.99,79.98
TX14395,2026-08-28,S003,P003,1,39.99,39.99
TX14396,2026-08-28,S003,P006,1,34.99,34.99
TX14397,2026-08-28,S003,P006,1,34.99,34.99
TX14398,2026-08-28,S003,P008,1,12.99,12.99
TX14399,2026-08-28,S003,P008,2,12.99,25.98
TX14400,2026-08-28,S003,P009,1,14.99,14.99
TX14401,2026-08-28,S003,P009,1,14.99,14.99
TX14402,2026-08-28,S003,P009,2,14.99,29.98
TX14403,2026-08-28,S003,P010,2,19.99,39.98
TX14404,2026-08-28,S003,P010,1,19.99,19.99
TX14405,2026-08-28,S003,P011,1,24.99,24.99
TX14406,2026-08-28,S003,P012,1,59.99,59.99
TX14407,2026-08-28,S003,P013,1,22.99,22.99
TX14408,2026-08-28,S003,P013,1,22.99,22.99
TX14409,2026-08-28,S003,P014,1,32.99,32.99
TX14410,2026-08-28,S003,P015,2,11.99,23.98
TX14411,2026-08-28,S004,P001,1,29.99,29.99
TX14412,2026-08-28,S004,P001,1,29.99,29.99
TX14413,2026-08-28,S004,P003,1,39.99,39.99
TX14414,2026-08-28,S004,P006,1,34.99,34.99
TX14415,2026-08-28,S004,P007,1,9.99,9.99
TX14416,2026-08-28,S004,P007,3,9.99,29.97
TX14417,2026-08-28,S004,P007,1,9.99,9.99
TX14418,2026-08-28,S004,P008,1,12.99,12.99
TX14419,2026-08-28,S004,P009,1,14.99,14.99
TX14420,2026-08-28,S004,P009,1,14.99,14.99
TX14421,2026-08-28,S004,P010,2,19.99,39.98
TX14422,2026-08-28,S004,P011,1,24.99,24.99
TX14423,2026-08-28,S004,P013,2,22.99,45.98
TX14424,2026-08-29,S001,P001,3,29.99,89.97
TX14425,2026-08-29,S001,P001,2,29.99,59.98
TX14426,2026-08-29,S001,P002,1,89.99,89.99
TX14427,2026-08-29,S001,P003,3,39.99,119.97
TX14428,2026-08-29,S001,P003,1,39.99,39.99
TX14429,2026-08-29,S001,P003,2,39.99,79.98
TX14430,2026-08-29,S001,P003,2,39.99,79.98
TX14431,2026-08-29,S001,P003,2,39.99,79.98
TX14432,2026-08-29,S001,P003,1,39.99,39.99
TX14433,2026-08-29,S001,P003,1,39.99,39.99
TX14434,2026-08-29,S001,P003,3,39.99,119.97
TX14435,2026-08-29,S001,P004,2,149.99,299.98
TX14436,2026-08-29,S001,P005,2,49.99,99.98
TX14437,2026-08-29,S001,P007,2,9.99,19.98
TX14438,2026-08-29,S001,P007,3,9.99,29.97
TX14439,2026-08-29,S001,P007,2,9.99,19.98
TX14440,2026-08-29,S001,P007,1,9.99,9.99
TX14441,2026-08-29,S001,P007,3,9.99,29.97
TX14442,2026-08-29,S001,P007,1,9.99,9.99
TX14443,2026-08-29,S001,P008,3,12.99,38.97
TX14444,2026-08-29,S001,P008,2,12.99,25.98
TX14445,2026-08-29,S001,P009,2,14.99,29.98
TX14446,2026-08-29,S001,P009,1,14.99,14.99
TX14447,2026-08-29,S001,P009,3,14.99,44.97
TX14448,2026-08-29,S001,P010,3,19.99,59.97
TX14449,2026-08-29,S001,P011,1,24.99,24.99
TX14450,2026-08-29,S001,P011,2,24.99,49.98
TX14451,2026-08-29,S001,P012,1,59.99,59.99
TX14452,2026-08-29,S001,P013,3,22.99,68.97
TX14453,2026-08-29,S001,P013,2,22.99,45.98
TX14454,2026-08-29,S001,P015,2,11.99,23.98
TX14455,2026-08-29,S001,P015,1,11.99,11.99
TX14456,2026-08-29,S001,P015,1,11.99,11.99
TX14457,2026-08-29,S002,P001,3,29.99,89.97
TX14458,2026-08-29,S002,P001,1,29.99,29.99
TX14459,2026-08-29,S002,P001,1,29.99,29.99
TX14460,2026-08-29,S002,P002,1,89.99,89.99
TX14461,2026-08-29,S002,P003,2,39.99,79.98
TX14462,2026-08-29,S002,P003,3,39.99,119.97
TX14463,2026-08-29,S002,P003,1,39.99,39.99
TX14464,2026-08-29,S002,P003,1,39.99,39.99
TX14465,2026-08-29,S002,P003,2,39.99,79.98
TX14466,2026-08-29,S002,P004,1,149.99,149.99
TX14467,2026-08-29,S002,P006,2,34.99,69.98
TX14468,2026-08-29,S002,P007,1,9.99,9.99
TX14469,2026-08-29,S002,P007,3,9.99,29.97
TX14470,2026-08-29,S002,P007,3,9.99,29.97
TX14471,2026-08-29,S002,P007,1,9.99,9.99
TX14472,2026-08-29,S002,P008,2,12.99,25.98
TX14473,2026-08-29,S002,P008,1,12.99,12.99
TX14474,2026-08-29,S002,P008,2,12.99,25.98
TX14475,2026-08-29,S002,P009,3,14.99,44.97
TX14476,2026-08-29,S002,P009,1,14.99,14.99
TX14477,2026-08-29,S002,P009,1,14.99,14.99
TX14478,2026-08-29,S002,P009,2,14.99,29.98
TX14479,2026-08-29,S002,P009,1,14.99,14.99
TX14480,2026-08-29,S002,P010,1,19.99,19.99
TX14481,2026-08-29,S002,P010,3,19.99,59.97
TX14482,2026-08-29,S002,P013,1,22.99,22.99
TX14483,2026-08-29,S002,P014,1,32.99,32.99
TX14484,2026-08-29,S002,P015,2,11.99,23.98
TX14485,2026-08-29,S003,P001,3,29.99,89.97
TX14486,2026-08-29,S003,P003,3,39.99,119.97
TX14487,2026-08-29,S003,P003,2,39.99,79.98
TX14488,2026-08-29,S003,P003,2,39.99,79.98
TX14489,2026-08-29,S003,P004,1,149.99,149.99
TX14490,2026-08-29,S003,P006,1,34.99,34.99
TX14491,2026-08-29,S003,P007,1,9.99,9.99
TX14492,2026-08-29,S003,P007,1,9.99,9.99
TX14493,2026-08-29,S003,P007,1,9.99,9.99
TX14494,2026-08-29,S003,P009,1,14.99,14.99
TX14495,2026-08-29,S003,P009,2,14.99,29.98
TX14496,2026-08-29,S003,P009,2,14.99,29.98
TX14497,2026-08-29,S003,P010,1,19.99,19.99
TX14498,2026-08-29,S003,P011,3,24.99,74.97
TX14499,2026-08-29,S003,P011,1,24.99,24.99
TX14500,2026-08-29,S003,P012,1,59.99,59.99
TX14501,2026-08-29,S003,P013,2,22.99,45.98
TX14502,2026-08-29,S003,P013,2,22.99,45.98
TX14503,2026-08-29,S003,P013,3,22.99,68.97
TX14504,2026-08-29,S003,P013,1,22.99,22.99
TX14505,2026-08-29,S003,P015,1,11.99,11.99
TX14506,2026-08-29,S004,P001,2,29.99,59.98
TX14507,2026-08-29,S004,P002,2,89.99,179.98
TX14508,2026-08-29,S004,P003,2,39.99,79.98
TX14509,2026-08-29,S004,P003,2,39.99,79.98
TX14510,2026-08-29,S004,P003,1,39.99,39.99
TX14511,2026-08-29,S004,P004,2,149.99,299.98
TX14512,2026-08-29,S004,P007,1,9.99,9.99
TX14513,2026-08-29,S004,P008,1,12.99,12.99
TX14514,2026-08-29,S004,P009,3,14.99,44.97
TX14515,2026-08-29,S004,P011,1,24.99,24.99
TX14516,2026-08-29,S004,P013,1,22.99,22.99
TX14517,2026-08-30,S001,P001,1,29.99,29.99
TX14518,2026-08-30,S001,P001,1,29.99,29.99
TX14519,2026-08-30,S001,P001,2,29.99,59.98
TX14520,2026-08-30,S001,P001,1,29.99,29.99
TX14521,2026-08-30,S001,P003,1,39.99,39.99
TX14522,2026-08-30,S001,P003,2,39.99,79.98
TX14523,2026-08-30,S001,P003,1,39.99,39.99
TX14524,2026-08-30,S001,P005,1,49.99,49.99
TX14525,2026-08-30,S001,P006,2,34.99,69.98
TX14526,2026-08-30,S001,P006,1,34.99,34.99
TX14527,2026-08-30,S001,P006,1,34.99,34.99
TX14528,2026-08-30,S001,P006,1,34.99,34.99
TX14529,2026-08-30,S001,P007,1,9.99,9.99
TX14530,2026-08-30,S001,P007,2,9.99,19.98
TX14531,2026-08-30,S001,P007,1,9.99,9.99
TX14532,2026-08-30,S001,P007,3,9.99,29.97
TX14533,2026-08-30,S001,P007,1,9.99,9.99
TX14534,2026-08-30,S001,P007,2,9.99,19.98
TX14535,2026-08-30,S001,P008,1,12.99,12.99
TX14536,2026-08-30,S001,P008,2,12.99,25.98
TX14537,2026-08-30,S001,P008,3,12.99,38.97
TX14538,2026-08-30,S001,P009,3,14.99,44.97
TX14539,2026-08-30,S001,P009,2,14.99,29.98
TX14540,2026-08-30,S001,P009,3,14.99,44.97
TX14541,2026-08-30,S001,P010,1,19.99,19.99
TX14542,2026-08-30,S001,P010,2,19.99,39.98
TX14543,2026-08-30,S001,P011,3,24.99,74.97
TX14544,2026-08-30,S001,P011,1,24.99,24.99
TX14545,2026-08-30,S001,P011,2,24.99,49.98
TX14546,2026-08-30,S001,P012,1,59.99,59.99
TX14547,2026-08-30,S001,P013,1,22.99,22.99
TX14548,2026-08-30,S001,P013,1,22.99,22.99
TX14549,2026-08-30,S001,P013,1,22.99,22.99
TX14550,2026-08-30,S001,P013,2,22.99,45.98
TX14551,2026-08-30,S001,P013,1,22.99,22.99
TX14552,2026-08-30,S001,P014,1,32.99,32.99
TX14553,2026-08-30,S001,P015,2,11.99,23.98
TX14554,2026-08-30,S001,P015,1,11.99,11.99
TX14555,2026-08-30,S002,P001,1,29.99,29.99
TX14556,2026-08-30,S002,P002,1,89.99,89.99
TX14557,2026-08-30,S002,P003,3,39.99,119.97
TX14558,2026-08-30,S002,P003,3,39.99,119.97
TX14559,2026-08-30,S002,P003,2,39.99,79.98
TX14560,2026-08-30,S002,P003,3,39.99,119.97
TX14561,2026-08-30,S002,P003,2,39.99,79.98
TX14562,2026-08-30,S002,P003,2,39.99,79.98
TX14563,2026-08-30,S002,P003,1,39.99,39.99
TX14564,2026-08-30,S002,P004,1,149.99,149.99
TX14565,2026-08-30,S002,P006,1,34.99,34.99
TX14566,2026-08-30,S002,P006,1,34.99,34.99
TX14567,2026-08-30,S002,P007,3,9.99,29.97
TX14568,2026-08-30,S002,P007,3,9.99,29.97
TX14569,2026-08-30,S002,P007,2,9.99,19.98
TX14570,2026-08-30,S002,P008,1,12.99,12.99
TX14571,2026-08-30,S002,P008,1,12.99,12.99
TX14572,2026-08-30,S002,P009,2,14.99,29.98
TX14573,2026-08-30,S002,P009,1,14.99,14.99
TX14574,2026-08-30,S002,P009,2,14.99,29.98
TX14575,2026-08-30,S002,P009,1,14.99,14.99
TX14576,2026-08-30,S002,P009,2,14.99,29.98
TX14577,2026-08-30,S002,P009,2,14.99,29.98
TX14578,2026-08-30,S002,P010,2,19.99,39.98
TX14579,2026-08-30,S002,P011,2,24.99,49.98
TX14580,2026-08-30,S002,P013,2,22.99,45.98
TX14581,2026-08-30,S002,P013,1,22.99,22.99
TX14582,2026-08-30,S002,P013,1,22.99,22.99
TX14583,2026-08-30,S002,P013,1,22.99,22.99
TX14584,2026-08-30,S002,P014,1,32.99,32.99
TX14585,2026-08-30,S002,P015,1,11.99,11.99
TX14586,2026-08-30,S003,P001,3,29.99,89.97
TX14587,2026-08-30,S003,P003,2,39.99,79.98
TX14588,2026-08-30,S003,P003,1,39.99,39.99
TX14589,2026-08-30,S003,P003,2,39.99,79.98
TX14590,2026-08-30,S003,P003,1,39.99,39.99
TX14591,2026-08-30,S003,P003,2,39.99,79.98
TX14592,2026-08-30,S003,P003,2,39.99,79.98
TX14593,2026-08-30,S003,P004,2,149.99,299.98
TX14594,2026-08-30,S003,P004,2,149.99,299.98
TX14595,2026-08-30,S003,P005,1,49.99,49.99
TX14596,2026-08-30,S003,P006,1,34.99,34.99
TX14597,2026-08-30,S003,P007,1,9.99,9.99
TX14598,2026-08-30,S003,P007,3,9.99,29.97
TX14599,2026-08-30,S003,P007,1,9.99,9.99
TX14600,2026-08-30,S003,P009,2,14.99,29.98
TX14601,2026-08-30,S003,P009,1,14.99,14.99
TX14602,2026-08-30,S003,P009,1,14.99,14.99
TX14603,2026-08-30,S003,P010,2,19.99,39.98
TX14604,2026-08-30,S003,P011,1,24.99,24.99
TX14605,2026-08-30,S003,P013,1,22.99,22.99
TX14606,2026-08-30,S003,P015,2,11.99,23.98
TX14607,2026-08-30,S004,P001,1,29.99,29.99
TX14608,2026-08-30,S004,P002,1,89.99,89.99
TX14609,2026-08-30,S004,P003,2,39.99,79.98
TX14610,2026-08-30,S004,P003,2,39.99,79.98
TX14611,2026-08-30,S004,P004,1,149.99,149.99
TX14612,2026-08-30,S004,P007,1,9.99,9.99
TX14613,2026-08-30,S004,P007,2,9.99,19.98
TX14614,2026-08-30,S004,P007,2,9.99,19.98
TX14615,2026-08-30,S004,P008,1,12.99,12.99
TX14616,2026-08-30,S004,P008,1,12.99,12.99
TX14617,2026-08-30,S004,P009,1,14.99,14.99
TX14618,2026-08-30,S004,P010,1,19.99,19.99
TX14619,2026-08-30,S004,P011,1,24.99,24.99
TX14620,2026-08-30,S004,P013,1,22.99,22.99
TX14621,2026-08-31,S001,P001,3,29.99,89.97
TX14622,2026-08-31,S001,P001,2,29.99,59.98
TX14623,2026-08-31,S001,P001,1,29.99,29.99
TX14624,2026-08-31,S001,P003,2,39.99,79.98
TX14625,2026-08-31,S001,P003,3,39.99,119.97
TX14626,2026-08-31,S001,P003,1,39.99,39.99
TX14627,2026-08-31,S001,P003,3,39.99,119.97
TX14628,2026-08-31,S001,P003,1,39.99,39.99
TX14629,2026-08-31,S001,P003,2,39.99,79.98
TX14630,2026-08-31,S001,P003,3,39.99,119.97
TX14631,2026-08-31,S001,P003,1,39.99,39.99
TX14632,2026-08-31,S001,P004,3,149.99,449.97
TX14633,2026-08-31,S001,P006,2,34.99,69.98
TX14634,2026-08-31,S001,P007,2,9.99,19.98
TX14635,2026-08-31,S001,P007,3,9.99,29.97
TX14636,2026-08-31,S001,P007,1,9.99,9.99
TX14637,2026-08-31,S001,P007,2,9.99,19.98
TX14638,2026-08-31,S001,P007,1,9.99,9.99
TX14639,2026-08-31,S001,P008,1,12.99,12.99
TX14640,2026-08-31,S001,P008,2,12.99,25.98
TX14641,2026-08-31,S001,P008,2,12.99,25.98
TX14642,2026-08-31,S001,P009,1,14.99,14.99
TX14643,2026-08-31,S001,P009,3,14.99,44.97
TX14644,2026-08-31,S001,P009,3,14.99,44.97
TX14645,2026-08-31,S001,P009,1,14.99,14.99
TX14646,2026-08-31,S001,P010,3,19.99,59.97
TX14647,2026-08-31,S001,P010,2,19.99,39.98
TX14648,2026-08-31,S001,P011,2,24.99,49.98
TX14649,2026-08-31,S001,P012,1,59.99,59.99
TX14650,2026-08-31,S001,P012,1,59.99,59.99
TX14651,2026-08-31,S001,P012,1,59.99,59.99
TX14652,2026-08-31,S001,P013,1,22.99,22.99
TX14653,2026-08-31,S001,P013,1,22.99,22.99
TX14654,2026-08-31,S001,P013,1,22.99,22.99
TX14655,2026-08-31,S001,P013,1,22.99,22.99
TX14656,2026-08-31,S001,P013,1,22.99,22.99
TX14657,2026-08-31,S001,P013,1,22.99,22.99
TX14658,2026-08-31,S001,P015,2,11.99,23.98
TX14659,2026-08-31,S001,P015,1,11.99,11.99
TX14660,2026-08-31,S002,P001,3,29.99,89.97
TX14661,2026-08-31,S002,P001,2,29.99,59.98
TX14662,2026-08-31,S002,P001,1,29.99,29.99
TX14663,2026-08-31,S002,P003,3,39.99,119.97
TX14664,2026-08-31,S002,P003,1,39.99,39.99
TX14665,2026-08-31,S002,P003,3,39.99,119.97
TX14666,2026-08-31,S002,P003,2,39.99,79.98
TX14667,2026-08-31,S002,P004,1,149.99,149.99
TX14668,2026-08-31,S002,P006,1,34.99,34.99
TX14669,2026-08-31,S002,P007,1,9.99,9.99
TX14670,2026-08-31,S002,P007,1,9.99,9.99
TX14671,2026-08-31,S002,P007,2,9.99,19.98
TX14672,2026-08-31,S002,P007,1,9.99,9.99
TX14673,2026-08-31,S002,P008,2,12.99,25.98
TX14674,2026-08-31,S002,P008,1,12.99,12.99
TX14675,2026-08-31,S002,P009,2,14.99,29.98
TX14676,2026-08-31,S002,P009,2,14.99,29.98
TX14677,2026-08-31,S002,P009,3,14.99,44.97
TX14678,2026-08-31,S002,P009,1,14.99,14.99
TX14679,2026-08-31,S002,P010,1,19.99,19.99
TX14680,2026-08-31,S002,P010,1,19.99,19.99
TX14681,2026-08-31,S002,P011,1,24.99,24.99
TX14682,2026-08-31,S002,P012,3,59.99,179.97
TX14683,2026-08-31,S002,P013,1,22.99,22.99
TX14684,2026-08-31,S002,P015,2,11.99,23.98
TX14685,2026-08-31,S002,P015,1,11.99,11.99
TX14686,2026-08-31,S002,P015,2,11.99,23.98
TX14687,2026-08-31,S003,P001,1,29.99,29.99
TX14688,2026-08-31,S003,P001,1,29.99,29.99
TX14689,2026-08-31,S003,P001,2,29.99,59.98
TX14690,2026-08-31,S003,P002,1,89.99,89.99
TX14691,2026-08-31,S003,P003,3,39.99,119.97
TX14692,2026-08-31,S003,P003,1,39.99,39.99
TX14693,2026-08-31,S003,P003,1,39.99,39.99
TX14694,2026-08-31,S003,P003,2,39.99,79.98
TX14695,2026-08-31,S003,P004,1,149.99,149.99
TX14696,2026-08-31,S003,P006,2,34.99,69.98
TX14697,2026-08-31,S003,P006,1,34.99,34.99
TX14698,2026-08-31,S003,P007,2,9.99,19.98
TX14699,2026-08-31,S003,P008,1,12.99,12.99
TX14700,2026-08-31,S003,P009,2,14.99,29.98
TX14701,2026-08-31,S003,P009,1,14.99,14.99
TX14702,2026-08-31,S003,P010,2,19.99,39.98
TX14703,2026-08-31,S003,P011,1,24.99,24.99
TX14704,2026-08-31,S003,P012,1,59.99,59.99
TX14705,2026-08-31,S003,P014,1,32.99,32.99
TX14706,2026-08-31,S004,P001,2,29.99,59.98
TX14707,2026-08-31,S004,P003,1,39.99,39.99
TX14708,2026-08-31,S004,P004,1,149.99,149.99
TX14709,2026-08-31,S004,P007,2,9.99,19.98
TX14710,2026-08-31,S004,P007,1,9.99,9.99
TX14711,2026-08-31,S004,P009,1,14.99,14.99
TX14712,2026-08-31,S004,P013,3,22.99,68.97
TX14713,2026-08-31,S004,P015,1,11.99,11.99
TX14714,2026-09-01,S001,P001,2,29.99,59.98
TX14715,2026-09-01,S001,P003,3,39.99,119.97
TX14716,2026-09-01,S001,P003,2,39.99,79.98
TX14717,2026-09-01,S001,P003,1,39.99,39.99
TX14718,2026-09-01,S001,P003,2,39.99,79.98
TX14719,2026-09-01,S001,P004,2,149.99,299.98
TX14720,2026-09-01,S001,P005,1,49.99,49.99
TX14721,2026-09-01,S001,P006,1,34.99,34.99
TX14722,2026-09-01,S001,P007,1,9.99,9.99
TX14723,2026-09-01,S001,P007,3,9.99,29.97
TX14724,2026-09-01,S001,P007,2,9.99,19.98
TX14725,2026-09-01,S001,P007,2,9.99,19.98
TX14726,2026-09-01,S001,P007,2,9.99,19.98
TX14727,2026-09-01,S001,P007,1,9.99,9.99
TX14728,2026-09-01,S001,P008,2,12.99,25.98
TX14729,2026-09-01,S001,P008,1,12.99,12.99
TX14730,2026-09-01,S001,P009,2,14.99,29.98
TX14731,2026-09-01,S001,P009,2,14.99,29.98
TX14732,2026-09-01,S001,P009,2,14.99,29.98
TX14733,2026-09-01,S001,P009,2,14.99,29.98
TX14734,2026-09-01,S001,P010,3,19.99,59.97
TX14735,2026-09-01,S001,P010,1,19.99,19.99
TX14736,2026-09-01,S001,P011,1,24.99,24.99
TX14737,2026-09-01,S001,P011,1,24.99,24.99
TX14738,2026-09-01,S001,P011,2,24.99,49.98
TX14739,2026-09-01,S001,P011,1,24.99,24.99
TX14740,2026-09-01,S001,P012,1,59.99,59.99
TX14741,2026-09-01,S001,P013,2,22.99,45.98
TX14742,2026-09-01,S001,P013,2,22.99,45.98
TX14743,2026-09-01,S001,P015,3,11.99,35.97
TX14744,2026-09-01,S001,P015,1,11.99,11.99
TX14745,2026-09-01,S002,P001,3,29.99,89.97
TX14746,2026-09-01,S002,P001,3,29.99,89.97
TX14747,2026-09-01,S002,P001,1,29.99,29.99
TX14748,2026-09-01,S002,P001,1,29.99,29.99
TX14749,2026-09-01,S002,P001,1,29.99,29.99
TX14750,2026-09-01,S002,P003,1,39.99,39.99
TX14751,2026-09-01,S002,P003,2,39.99,79.98
TX14752,2026-09-01,S002,P004,3,149.99,449.97
TX14753,2026-09-01,S002,P005,1,49.99,49.99
TX14754,2026-09-01,S002,P006,3,34.99,104.97
TX14755,2026-09-01,S002,P006,1,34.99,34.99
TX14756,2026-09-01,S002,P007,1,9.99,9.99
TX14757,2026-09-01,S002,P007,3,9.99,29.97
TX14758,2026-09-01,S002,P007,1,9.99,9.99
TX14759,2026-09-01,S002,P008,1,12.99,12.99
TX14760,2026-09-01,S002,P008,2,12.99,25.98
TX14761,2026-09-01,S002,P008,3,12.99,38.97
TX14762,2026-09-01,S002,P008,2,12.99,25.98
TX14763,2026-09-01,S002,P009,2,14.99,29.98
TX14764,2026-09-01,S002,P009,1,14.99,14.99
TX14765,2026-09-01,S002,P009,3,14.99,44.97
TX14766,2026-09-01,S002,P009,3,14.99,44.97
TX14767,2026-09-01,S002,P010,1,19.99,19.99
TX14768,2026-09-01,S002,P010,1,19.99,19.99
TX14769,2026-09-01,S002,P011,1,24.99,24.99
TX14770,2026-09-01,S002,P011,1,24.99,24.99
TX14771,2026-09-01,S002,P015,1,11.99,11.99
TX14772,2026-09-01,S002,P015,1,11.99,11.99
TX14773,2026-09-01,S002,P015,1,11.99,11.99
TX14774,2026-09-01,S002,P015,1,11.99,11.99
TX14775,2026-09-01,S003,P001,1,29.99,29.99
TX14776,2026-09-01,S003,P001,2,29.99,59.98
TX14777,2026-09-01,S003,P001,3,29.99,89.97
TX14778,2026-09-01,S003,P001,1,29.99,29.99
TX14779,2026-09-01,S003,P001,1,29.99,29.99
TX14780,2026-09-01,S003,P003,2,39.99,79.98
TX14781,2026-09-01,S003,P006,2,34.99,69.98
TX14782,2026-09-01,S003,P007,3,9.99,29.97
TX14783,2026-09-01,S003,P007,2,9.99,19.98
TX14784,2026-09-01,S003,P008,2,12.99,25.98
TX14785,2026-09-01,S003,P009,1,14.99,14.99
TX14786,2026-09-01,S003,P010,1,19.99,19.99
TX14787,2026-09-01,S003,P011,1,24.99,24.99
TX14788,2026-09-01,S003,P012,1,59.99,59.99
TX14789,2026-09-01,S003,P015,1,11.99,11.99
TX14790,2026-09-01,S004,P001,1,29.99,29.99
TX14791,2026-09-01,S004,P003,3,39.99,119.97
TX14792,2026-09-01,S004,P003,2,39.99,79.98
TX14793,2026-09-01,S004,P003,1,39.99,39.99
TX14794,2026-09-01,S004,P003,1,39.99,39.99
TX14795,2026-09-01,S004,P006,2,34.99,69.98
TX14796,2026-09-01,S004,P007,2,9.99,19.98
TX14797,2026-09-01,S004,P008,2,12.99,25.98
TX14798,2026-09-01,S004,P008,2,12.99,25.98
TX14799,2026-09-01,S004,P009,1,14.99,14.99
TX14800,2026-09-01,S004,P009,2,14.99,29.98
TX14801,2026-09-01,S004,P009,1,14.99,14.99
TX14802,2026-09-01,S004,P010,2,19.99,39.98
TX14803,2026-09-01,S004,P011,1,24.99,24.99
TX14804,2026-09-01,S004,P015,2,11.99,23.98
TX14805,2026-09-01,S004,P015,1,11.99,11.99
TX14806,2026-09-02,S001,P001,2,29.99,59.98
TX14807,2026-09-02,S001,P001,1,29.99,29.99
TX14808,2026-09-02,S001,P001,1,29.99,29.99
TX14809,2026-09-02,S001,P001,2,29.99,59.98
TX14810,2026-09-02,S001,P002,1,89.99,89.99
TX14811,2026-09-02,S001,P002,1,89.99,89.99
TX14812,2026-09-02,S001,P003,3,39.99,119.97
TX14813,2026-09-02,S001,P003,1,39.99,39.99
TX14814,2026-09-02,S001,P003,3,39.99,119.97
TX14815,2026-09-02,S001,P003,1,39.99,39.99
TX14816,2026-09-02,S001,P003,2,39.99,79.98
TX14817,2026-09-02,S001,P003,3,39.99,119.97
TX14818,2026-09-02,S001,P003,1,39.99,39.99
TX14819,2026-09-02,S001,P004,2,149.99,299.98
TX14820,2026-09-02,S001,P005,1,49.99,49.99
TX14821,2026-09-02,S001,P006,1,34.99,34.99
TX14822,2026-09-02,S001,P007,1,9.99,9.99
TX14823,2026-09-02,S001,P007,2,9.99,19.98
TX14824,2026-09-02,S001,P007,1,9.99,9.99
TX14825,2026-09-02,S001,P007,3,9.99,29.97
TX14826,2026-09-02,S001,P007,1,9.99,9.99
TX14827,2026-09-02,S001,P007,2,9.99,19.98
TX14828,2026-09-02,S001,P008,1,12.99,12.99
TX14829,2026-09-02,S001,P008,1,12.99,12.99
TX14830,2026-09-02,S001,P008,2,12.99,25.98
TX14831,2026-09-02,S001,P009,3,14.99,44.97
TX14832,2026-09-02,S001,P009,2,14.99,29.98
TX14833,2026-09-02,S001,P009,3,14.99,44.97
TX14834,2026-09-02,S001,P009,3,14.99,44.97
TX14835,2026-09-02,S001,P009,1,14.99,14.99
TX14836,2026-09-02,S001,P010,1,19.99,19.99
TX14837,2026-09-02,S001,P011,1,24.99,24.99
TX14838,2026-09-02,S001,P012,2,59.99,119.98
TX14839,2026-09-02,S001,P012,2,59.99,119.98
TX14840,2026-09-02,S001,P012,2,59.99,119.98
TX14841,2026-09-02,S001,P013,2,22.99,45.98
TX14842,2026-09-02,S001,P013,1,22.99,22.99
TX14843,2026-09-02,S001,P013,2,22.99,45.98
TX14844,2026-09-02,S001,P013,1,22.99,22.99
TX14845,2026-09-02,S001,P014,2,32.99,65.98
TX14846,2026-09-02,S001,P015,3,11.99,35.97
TX14847,2026-09-02,S001,P015,1,11.99,11.99
TX14848,2026-09-02,S002,P001,2,29.99,59.98
TX14849,2026-09-02,S002,P001,1,29.99,29.99
TX14850,2026-09-02,S002,P002,1,89.99,89.99
TX14851,2026-09-02,S002,P003,1,39.99,39.99
TX14852,2026-09-02,S002,P003,3,39.99,119.97
TX14853,2026-09-02,S002,P003,3,39.99,119.97
TX14854,2026-09-02,S002,P003,2,39.99,79.98
TX14855,2026-09-02,S002,P003,1,39.99,39.99
TX14856,2026-09-02,S002,P004,1,149.99,149.99
TX14857,2026-09-02,S002,P006,1,34.99,34.99
TX14858,2026-09-02,S002,P007,3,9.99,29.97
TX14859,2026-09-02,S002,P007,2,9.99,19.98
TX14860,2026-09-02,S002,P007,1,9.99,9.99
TX14861,2026-09-02,S002,P008,3,12.99,38.97
TX14862,2026-09-02,S002,P008,1,12.99,12.99
TX14863,2026-09-02,S002,P008,1,12.99,12.99
TX14864,2026-09-02,S002,P009,1,14.99,14.99
TX14865,2026-09-02,S002,P009,2,14.99,29.98
TX14866,2026-09-02,S002,P009,2,14.99,29.98
TX14867,2026-09-02,S002,P009,1,14.99,14.99
TX14868,2026-09-02,S002,P010,2,19.99,39.98
TX14869,2026-09-02,S002,P011,2,24.99,49.98
TX14870,2026-09-02,S002,P013,2,22.99,45.98
TX14871,2026-09-02,S002,P013,1,22.99,22.99
TX14872,2026-09-02,S002,P014,1,32.99,32.99
TX14873,2026-09-02,S002,P015,1,11.99,11.99
TX14874,2026-09-02,S003,P001,2,29.99,59.98
TX14875,2026-09-02,S003,P001,1,29.99,29.99
TX14876,2026-09-02,S003,P001,1,29.99,29.99
TX14877,2026-09-02,S003,P001,3,29.99,89.97
TX14878,2026-09-02,S003,P003,1,39.99,39.99
TX14879,2026-09-02,S003,P003,1,39.99,39.99
TX14880,2026-09-02,S003,P003,3,39.99,119.97
TX14881,2026-09-02,S003,P003,2,39.99,79.98
TX14882,2026-09-02,S003,P003,2,39.99,79.98
TX14883,2026-09-02,S003,P004,1,149.99,149.99
TX14884,2026-09-02,S003,P007,2,9.99,19.98
TX14885,2026-09-02,S003,P008,1,12.99,12.99
TX14886,2026-09-02,S003,P009,3,14.99,44.97
TX14887,2026-09-02,S003,P009,1,14.99,14.99
TX14888,2026-09-02,S003,P009,2,14.99,29.98
TX14889,2026-09-02,S003,P010,2,19.99,39.98
TX14890,2026-09-02,S003,P013,2,22.99,45.98
TX14891,2026-09-02,S003,P013,1,22.99,22.99
TX14892,2026-09-02,S004,P003,2,39.99,79.98
TX14893,2026-09-02,S004,P003,1,39.99,39.99
TX14894,2026-09-02,S004,P009,2,14.99,29.98
TX14895,2026-09-02,S004,P009,1,14.99,14.99
TX14896,2026-09-02,S004,P013,1,22.99,22.99
TX14897,2026-09-02,S004,P013,3,22.99,68.97
TX14898,2026-09-02,S004,P015,2,11.99,23.98
TX14899,2026-09-03,S001,P001,3,29.99,89.97
TX14900,2026-09-03,S001,P001,1,29.99,29.99
TX14901,2026-09-03,S001,P001,1,29.99,29.99
TX14902,2026-09-03,S001,P002,1,89.99,89.99
TX14903,2026-09-03,S001,P003,3,39.99,119.97
TX14904,2026-09-03,S001,P003,1,39.99,39.99
TX14905,2026-09-03,S001,P003,3,39.99,119.97
TX14906,2026-09-03,S001,P003,3,39.99,119.97
TX14907,2026-09-03,S001,P003,3,39.99,119.97
TX14908,2026-09-03,S001,P003,2,39.99,79.98
TX14909,2026-09-03,S001,P003,3,39.99,119.97
TX14910,2026-09-03,S001,P003,1,39.99,39.99
TX14911,2026-09-03,S001,P004,2,149.99,299.98
TX14912,2026-09-03,S001,P006,1,34.99,34.99
TX14913,2026-09-03,S001,P007,1,9.99,9.99
TX14914,2026-09-03,S001,P007,3,9.99,29.97
TX14915,2026-09-03,S001,P007,3,9.99,29.97
TX14916,2026-09-03,S001,P007,1,9.99,9.99
TX14917,2026-09-03,S001,P007,2,9.99,19.98
TX14918,2026-09-03,S001,P008,1,12.99,12.99
TX14919,2026-09-03,S001,P008,1,12.99,12.99
TX14920,2026-09-03,S001,P009,1,14.99,14.99
TX14921,2026-09-03,S001,P009,3,14.99,44.97
TX14922,2026-09-03,S001,P009,2,14.99,29.98
TX14923,2026-09-03,S001,P009,3,14.99,44.97
TX14924,2026-09-03,S001,P009,2,14.99,29.98
TX14925,2026-09-03,S001,P010,1,19.99,19.99
TX14926,2026-09-03,S001,P010,3,19.99,59.97
TX14927,2026-09-03,S001,P010,2,19.99,39.98
TX14928,2026-09-03,S001,P010,1,19.99,19.99
TX14929,2026-09-03,S001,P011,1,24.99,24.99
TX14930,2026-09-03,S001,P011,1,24.99,24.99
TX14931,2026-09-03,S001,P011,2,24.99,49.98
TX14932,2026-09-03,S001,P012,1,59.99,59.99
TX14933,2026-09-03,S001,P013,3,22.99,68.97
TX14934,2026-09-03,S001,P013,2,22.99,45.98
TX14935,2026-09-03,S001,P013,1,22.99,22.99
TX14936,2026-09-03,S001,P015,2,11.99,23.98
TX14937,2026-09-03,S001,P015,1,11.99,11.99
TX14938,2026-09-03,S002,P001,2,29.99,59.98
TX14939,2026-09-03,S002,P001,2,29.99,59.98
TX14940,2026-09-03,S002,P002,1,89.99,89.99
TX14941,2026-09-03,S002,P003,2,39.99,79.98
TX14942,2026-09-03,S002,P003,1,39.99,39.99
TX14943,2026-09-03,S002,P003,2,39.99,79.98
TX14944,2026-09-03,S002,P003,1,39.99,39.99
TX14945,2026-09-03,S002,P003,3,39.99,119.97
TX14946,2026-09-03,S002,P003,1,39.99,39.99
TX14947,2026-09-03,S002,P004,1,149.99,149.99
TX14948,2026-09-03,S002,P007,3,9.99,29.97
TX14949,2026-09-03,S002,P007,1,9.99,9.99
TX14950,2026-09-03,S002,P008,2,12.99,25.98
TX14951,2026-09-03,S002,P008,1,12.99,12.99
TX14952,2026-09-03,S002,P008,2,12.99,25.98
TX14953,2026-09-03,S002,P009,1,14.99,14.99
TX14954,2026-09-03,S002,P009,3,14.99,44.97
TX14955,2026-09-03,S002,P010,2,19.99,39.98
TX14956,2026-09-03,S002,P011,3,24.99,74.97
TX14957,2026-09-03,S002,P012,2,59.99,119.98
TX14958,2026-09-03,S002,P012,1,59.99,59.99
TX14959,2026-09-03,S002,P013,1,22.99,22.99
TX14960,2026-09-03,S002,P013,1,22.99,22.99
TX14961,2026-09-03,S002,P015,1,11.99,11.99
TX14962,2026-09-03,S002,P015,1,11.99,11.99
TX14963,2026-09-03,S002,P015,2,11.99,23.98
TX14964,2026-09-03,S003,P001,2,29.99,59.98
TX14965,2026-09-03,S003,P001,1,29.99,29.99
TX14966,2026-09-03,S003,P003,2,39.99,79.98
TX14967,2026-09-03,S003,P003,1,39.99,39.99
TX14968,2026-09-03,S003,P003,2,39.99,79.98
TX14969,2026-09-03,S003,P003,2,39.99,79.98
TX14970,2026-09-03,S003,P004,1,149.99,149.99
TX14971,2026-09-03,S003,P007,1,9.99,9.99
TX14972,2026-09-03,S003,P007,1,9.99,9.99
TX14973,2026-09-03,S003,P008,1,12.99,12.99
TX14974,2026-09-03,S003,P009,3,14.99,44.97
TX14975,2026-09-03,S003,P009,1,14.99,14.99
TX14976,2026-09-03,S003,P010,2,19.99,39.98
TX14977,2026-09-03,S003,P011,2,24.99,49.98
TX14978,2026-09-03,S003,P012,1,59.99,59.99
TX14979,2026-09-03,S003,P013,1,22.99,22.99
TX14980,2026-09-03,S003,P015,2,11.99,23.98
TX14981,2026-09-03,S004,P001,2,29.99,59.98
TX14982,2026-09-03,S004,P003,1,39.99,39.99
TX14983,2026-09-03,S004,P003,1,39.99,39.99
TX14984,2026-09-03,S004,P006,1,34.99,34.99
TX14985,2026-09-03,S004,P007,1,9.99,9.99
TX14986,2026-09-03,S004,P007,2,9.99,19.98
TX14987,2026-09-03,S004,P007,1,9.99,9.99
TX14988,2026-09-03,S004,P008,1,12.99,12.99
TX14989,2026-09-03,S004,P009,2,14.99,29.98
TX14990,2026-09-03,S004,P010,2,19.99,39.98
TX14991,2026-09-03,S004,P011,1,24.99,24.99
TX14992,2026-09-03,S004,P015,2,11.99,23.98
TX14993,2026-09-04,S001,P001,2,29.99,59.98
TX14994,2026-09-04,S001,P001,2,29.99,59.98
TX14995,2026-09-04,S001,P002,1,89.99,89.99
TX14996,2026-09-04,S001,P003,2,39.99,79.98
TX14997,2026-09-04,S001,P003,1,39.99,39.99
TX14998,2026-09-04,S001,P003,1,39.99,39.99
TX14999,2026-09-04,S001,P003,3,39.99,119.97
TX15000,2026-09-04,S001,P003,1,39.99,39.99
TX15001,2026-09-04,S001,P003,1,39.99,39.99
TX15002,2026-09-04,S001,P004,2,149.99,299.98
TX15003,2026-09-04,S001,P004,1,149.99,149.99
TX15004,2026-09-04,S001,P004,1,149.99,149.99
TX15005,2026-09-04,S001,P005,1,49.99,49.99
TX15006,2026-09-04,S001,P006,1,34.99,34.99
TX15007,2026-09-04,S001,P006,1,34.99,34.99
TX15008,2026-09-04,S001,P006,2,34.99,69.98
TX15009,2026-09-04,S001,P007,1,9.99,9.99
TX15010,2026-09-04,S001,P007,3,9.99,29.97
TX15011,2026-09-04,S001,P007,3,9.99,29.97
TX15012,2026-09-04,S001,P007,1,9.99,9.99
TX15013,2026-09-04,S001,P007,1,9.99,9.99
TX15014,2026-09-04,S001,P007,3,9.99,29.97
TX15015,2026-09-04,S001,P007,2,9.99,19.98
TX15016,2026-09-04,S001,P008,2,12.99,25.98
TX15017,2026-09-04,S001,P008,1,12.99,12.99
TX15018,2026-09-04,S001,P008,1,12.99,12.99
TX15019,2026-09-04,S001,P009,2,14.99,29.98
TX15020,2026-09-04,S001,P009,3,14.99,44.97
TX15021,2026-09-04,S001,P009,1,14.99,14.99
TX15022,2026-09-04,S001,P010,2,19.99,39.98
TX15023,2026-09-04,S001,P010,1,19.99,19.99
TX15024,2026-09-04,S001,P010,1,19.99,19.99
TX15025,2026-09-04,S001,P010,1,19.99,19.99
TX15026,2026-09-04,S001,P010,1,19.99,19.99
TX15027,2026-09-04,S001,P011,2,24.99,49.98
TX15028,2026-09-04,S001,P011,1,24.99,24.99
TX15029,2026-09-04,S001,P012,2,59.99,119.98
TX15030,2026-09-04,S001,P013,3,22.99,68.97
TX15031,2026-09-04,S001,P013,3,22.99,68.97
TX15032,2026-09-04,S001,P013,3,22.99,68.97
TX15033,2026-09-04,S001,P015,2,11.99,23.98
TX15034,2026-09-04,S001,P015,2,11.99,23.98
TX15035,2026-09-04,S001,P015,3,11.99,35.97
TX15036,2026-09-04,S002,P001,1,29.99,29.99
TX15037,2026-09-04,S002,P003,2,39.99,79.98
TX15038,2026-09-04,S002,P003,2,39.99,79.98
TX15039,2026-09-04,S002,P003,2,39.99,79.98
TX15040,2026-09-04,S002,P003,1,39.99,39.99
TX15041,2026-09-04,S002,P004,1,149.99,149.99
TX15042,2026-09-04,S002,P006,1,34.99,34.99
TX15043,2026-09-04,S002,P007,1,9.99,9.99
TX15044,2026-09-04,S002,P008,1,12.99,12.99
TX15045,2026-09-04,S002,P008,1,12.99,12.99
TX15046,2026-09-04,S002,P009,3,14.99,44.97
TX15047,2026-09-04,S002,P009,1,14.99,14.99
TX15048,2026-09-04,S002,P009,1,14.99,14.99
TX15049,2026-09-04,S002,P009,3,14.99,44.97
TX15050,2026-09-04,S002,P009,1,14.99,14.99
TX15051,2026-09-04,S002,P010,3,19.99,59.97
TX15052,2026-09-04,S002,P010,1,19.99,19.99
TX15053,2026-09-04,S002,P011,1,24.99,24.99
TX15054,2026-09-04,S002,P013,1,22.99,22.99
TX15055,2026-09-04,S002,P013,1,22.99,22.99
TX15056,2026-09-04,S002,P014,1,32.99,32.99
TX15057,2026-09-04,S002,P015,1,11.99,11.99
TX15058,2026-09-04,S003,P001,1,29.99,29.99
TX15059,2026-09-04,S003,P001,2,29.99,59.98
TX15060,2026-09-04,S003,P001,2,29.99,59.98
TX15061,2026-09-04,S003,P003,2,39.99,79.98
TX15062,2026-09-04,S003,P003,3,39.99,119.97
TX15063,2026-09-04,S003,P003,3,39.99,119.97
TX15064,2026-09-04,S003,P003,1,39.99,39.99
TX15065,2026-09-04,S003,P007,2,9.99,19.98
TX15066,2026-09-04,S003,P008,1,12.99,12.99
TX15067,2026-09-04,S003,P008,2,12.99,25.98
TX15068,2026-09-04,S003,P009,1,14.99,14.99
TX15069,2026-09-04,S003,P009,2,14.99,29.98
TX15070,2026-09-04,S003,P010,1,19.99,19.99
TX15071,2026-09-04,S003,P010,1,19.99,19.99
TX15072,2026-09-04,S003,P011,1,24.99,24.99
TX15073,2026-09-04,S003,P012,1,59.99,59.99
TX15074,2026-09-04,S003,P013,2,22.99,45.98
TX15075,2026-09-04,S003,P013,2,22.99,45.98
TX15076,2026-09-04,S003,P015,2,11.99,23.98
TX15077,2026-09-04,S004,P003,1,39.99,39.99
TX15078,2026-09-04,S004,P003,1,39.99,39.99
TX15079,2026-09-04,S004,P006,1,34.99,34.99
TX15080,2026-09-04,S004,P007,2,9.99,19.98
TX15081,2026-09-04,S004,P008,2,12.99,25.98
TX15082,2026-09-04,S004,P009,1,14.99,14.99
TX15083,2026-09-04,S004,P010,1,19.99,19.99
TX15084,2026-09-04,S004,P013,2,22.99,45.98
TX15085,2026-09-04,S004,P015,1,11.99,11.99
TX15086,2026-09-05,S001,P001,3,29.99,89.97
TX15087,2026-09-05,S001,P001,1,29.99,29.99
TX15088,2026-09-05,S001,P001,1,29.99,29.99
TX15089,2026-09-05,S001,P003,2,39.99,79.98
TX15090,2026-09-05,S001,P003,3,39.99,119.97
TX15091,2026-09-05,S001,P003,1,39.99,39.99
TX15092,2026-09-05,S001,P003,3,39.99,119.97
TX15093,2026-09-05,S001,P003,3,39.99,119.97
TX15094,2026-09-05,S001,P003,2,39.99,79.98
TX15095,2026-09-05,S001,P004,3,149.99,449.97
TX15096,2026-09-05,S001,P006,3,34.99,104.97
TX15097,2026-09-05,S001,P006,1,34.99,34.99
TX15098,2026-09-05,S001,P007,1,9.99,9.99
TX15099,2026-09-05,S001,P008,2,12.99,25.98
TX15100,2026-09-05,S001,P008,1,12.99,12.99
TX15101,2026-09-05,S001,P008,2,12.99,25.98
TX15102,2026-09-05,S001,P009,3,14.99,44.97
TX15103,2026-09-05,S001,P009,3,14.99,44.97
TX15104,2026-09-05,S001,P009,1,14.99,14.99
TX15105,2026-09-05,S001,P009,2,14.99,29.98
TX15106,2026-09-05,S001,P009,1,14.99,14.99
TX15107,2026-09-05,S001,P009,1,14.99,14.99
TX15108,2026-09-05,S001,P009,1,14.99,14.99
TX15109,2026-09-05,S001,P010,1,19.99,19.99
TX15110,2026-09-05,S001,P013,2,22.99,45.98
TX15111,2026-09-05,S001,P014,1,32.99,32.99
TX15112,2026-09-05,S001,P015,2,11.99,23.98
TX15113,2026-09-05,S001,P015,2,11.99,23.98
TX15114,2026-09-05,S002,P001,1,29.99,29.99
TX15115,2026-09-05,S002,P001,2,29.99,59.98
TX15116,2026-09-05,S002,P001,3,29.99,89.97
TX15117,2026-09-05,S002,P001,2,29.99,59.98
TX15118,2026-09-05,S002,P001,2,29.99,59.98
TX15119,2026-09-05,S002,P002,1,89.99,89.99
TX15120,2026-09-05,S002,P003,1,39.99,39.99
TX15121,2026-09-05,S002,P003,3,39.99,119.97
TX15122,2026-09-05,S002,P003,2,39.99,79.98
TX15123,2026-09-05,S002,P003,1,39.99,39.99
TX15124,2026-09-05,S002,P004,1,149.99,149.99
TX15125,2026-09-05,S002,P005,1,49.99,49.99
TX15126,2026-09-05,S002,P006,1,34.99,34.99
TX15127,2026-09-05,S002,P007,1,9.99,9.99
TX15128,2026-09-05,S002,P008,1,12.99,12.99
TX15129,2026-09-05,S002,P008,1,12.99,12.99
TX15130,2026-09-05,S002,P008,1,12.99,12.99
TX15131,2026-09-05,S002,P009,1,14.99,14.99
TX15132,2026-09-05,S002,P009,1,14.99,14.99
TX15133,2026-09-05,S002,P009,3,14.99,44.97
TX15134,2026-09-05,S002,P010,3,19.99,59.97
TX15135,2026-09-05,S002,P010,2,19.99,39.98
TX15136,2026-09-05,S002,P011,1,24.99,24.99
TX15137,2026-09-05,S002,P011,1,24.99,24.99
TX15138,2026-09-05,S002,P013,3,22.99,68.97
TX15139,2026-09-05,S002,P013,1,22.99,22.99
TX15140,2026-09-05,S002,P013,1,22.99,22.99
TX15141,2026-09-05,S002,P015,1,11.99,11.99
TX15142,2026-09-05,S003,P001,1,29.99,29.99
TX15143,2026-09-05,S003,P003,2,39.99,79.98
TX15144,2026-09-05,S003,P003,3,39.99,119.97
TX15145,2026-09-05,S003,P003,1,39.99,39.99
TX15146,2026-09-05,S003,P003,2,39.99,79.98
TX15147,2026-09-05,S003,P003,2,39.99,79.98
TX15148,2026-09-05,S003,P003,1,39.99,39.99
TX15149,2026-09-05,S003,P004,1,149.99,149.99
TX15150,2026-09-05,S003,P006,1,34.99,34.99
TX15151,2026-09-05,S003,P006,1,34.99,34.99
TX15152,2026-09-05,S003,P007,1,9.99,9.99
TX15153,2026-09-05,S003,P008,1,12.99,12.99
TX15154,2026-09-05,S003,P008,2,12.99,25.98
TX15155,2026-09-05,S003,P009,1,14.99,14.99
TX15156,2026-09-05,S003,P010,3,19.99,59.97
TX15157,2026-09-05,S003,P012,2,59.99,119.98
TX15158,2026-09-05,S003,P012,1,59.99,59.99
TX15159,2026-09-05,S003,P013,3,22.99,68.97
TX15160,2026-09-05,S003,P013,1,22.99,22.99
TX15161,2026-09-05,S004,P001,1,29.99,29.99
TX15162,2026-09-05,S004,P003,1,39.99,39.99
TX15163,2026-09-05,S004,P003,1,39.99,39.99
TX15164,2026-09-05,S004,P003,1,39.99,39.99
TX15165,2026-09-05,S004,P003,1,39.99,39.99
TX15166,2026-09-05,S004,P007,1,9.99,9.99
TX15167,2026-09-05,S004,P008,1,12.99,12.99
TX15168,2026-09-05,S004,P008,1,12.99,12.99
TX15169,2026-09-05,S004,P010,2,19.99,39.98
TX15170,2026-09-05,S004,P011,1,24.99,24.99
TX15171,2026-09-05,S004,P013,1,22.99,22.99
TX15172,2026-09-05,S004,P015,2,11.99,23.98
